--[[
Encrypted by Hackers House
Tool : https://hackershouse.tech/online-lua-obfuscator-free-unlimited
Version: 1.1.0
]]
_G["D36_bkjNRkd5"]=function(src)
  local box={__src=src}
  return setmetatable({}, {
    __index=function(_,k) return box.__src[k] end,
    __newindex=function(_,k,v) box.__src[k]=v end
  })
end
_G["n93C37VK9"]=function(a,b)
  if type(a)~="table" then return nil end
  local mt=getmetatable(a)
  if mt and mt.__index then return a[b] end
  local p=_G["D36_bkjNRkd5"](a)
  return p[b]
end
_G["gsPA4oUj"]={{k=35,b={114,124,149,106,110,122,118,133}},{k=156,b={235,12,210,222,17,206,246,3}},{k=35,b={151,132,133,143,136}},{k=5,b={84,94,119,76,80,92,88,103}},{k=133,b={231,247,187,202,216,186,234,215,232,205}},{k=125,b={238,199,209,193,202,181,202,193,235,240,222,237,191}},{k=153,b={251,11,207,222,236,206,254,235,252,225}},{k=64,b={}},{k=133,b={212,245,187,199,250,183,223,236}},{k=143,b={245,4,253,242,3,248,254,253}},{k=94,b={192,208,148,163,177,147,195,176,193,166}},{k=179,b={39,20,21,31,24}},{k=68,b={87,88,248,103,71,86,176,156,87,162,24,24,36,87,139,105,36,24,21,107,225,192,176,4,70,55,5,57,108,162,24,24,36,87,139,105,36,24,2,159,190,4,175,87,173,87,70,108,138,225,174,5,74,40,162,24,24,241,190,24,160,160,160,21,107,225,192,176,4,70,55,194,2,159,190,4,175,87,173,87,70,108,138,225,174,177,245,160,21,107,225,192,176,4,70,55,194,87,86,126,86,86,86,166,232,181,228,202,197,237,227,237,236,178,240,215,212,167,167,187,187,174,167,158,223,236,226,158,166,166,166,166,203,193,215,198,182,202,236,205,169,232,181,228,202,197,237,227,237,236,178,240,215,212,167,168,176,167,171,166,166,203,193,215,198,182,202,236,205,168,176,167,169,166,232,181,228,202,197,237,227,237,236,178,87,87,130,86,86,86,138,180,203,208,92,116,91,91,91,103,103,114,91,98,174,154,159,152,124,150,153,165,163,150,98,187,161,117,204,107,188,202,187,197,165,212,103,115,116,110,124,150,153,165,163,150,98,208,113,107,113,114,179,87,88,48,89,1,86,150,41,62,158,92,41,47,243,231,192,78,149,104,107,116,95,144,140,134,143,95,144,92,125,78,144,144,107,98,144,11,101,201,62,219,14,56,11,249,89,38,231,231,195,198,204,144,140,104,95,122,78,144,144,144,144,50,213,219,213,192,131,41,62,158,87,88,155,91,35,86,173,143,58,68,224,204,73,174,184,174,139,208,58,93,253,143,58,68,224,114,144,205,59,59,59,59,168,153,59,99,73,174,184,174,139,208,58,93,253,143,58,68,224,109,174,104,124,99,73,174,184,174,139,208,58,93,253,143,58,68,224,109,174,104,204,204,139,59,223,163,148,193,59,8,158,154,93,184,13,83,8,234,138,53,204,174,169,184,87,87,182,86,86,86,170,150,91,98,105,91,150,127,93,169,144,175,128,142,127,121,89,136,179,167,166,172,173,150,91,100,90,192,150,150,91,98,105,91,95,92,150,127,93,169,144,175,128,142,127,121,89,136,179,179,173,172,175,150,106,94,91,100,192,150,192,98,101,89,87,98,150,141,167,106,107,138,127,126,119,97,169,166,111,170,177,150,90,101,150,87,87,39,86,86,86,132,19,20,8,6,19,71,6,16,20,54,238,247,223,60,15,8,249,19,233,66,12,6,18,10,65,236,10,251,216,10,249,253,14,8,10,79,246,241,219,235,242,63,242,235,21,248,87,88,241,105,113,86,130,36,65,215,233,233,148,34,6,72,6,252,252,252,82,81,102,148,141,160,45,92,73,196,226,186,129,236,205,120,36,226,46,148,92,65,121,6,169,74,103,245,215,81,112,87,87,49,86,86,86,149,11,21,39,13,10,14,16,13,81,6,10,69,238,20,216,226,12,19,2,16,54,81,21,10,81,13,10,14,16,13,81,14,255,243,9,235,235,239,14,235,3,222,60,18,16,12,20,55,242,20,5,222,20,255,3,8,14,20,73,0,231,229,245,87,87,130,86,86,86,133,183,106,183,190,152,181,163,178,196,90,90,116,93,112,111,87,112,111,91,91,91,109,98,157,153,110,197,159,203,209,151,160,177,163,103,165,180,192,154,184,184,196,165,184,176,213,98,87,86,13,86,86,86,123,114,123,113,23,121,124,112,110,121,45,128,115,95,101,90,127,61,83,67,83,134,129,124,45,74,45,116,110,122,114,71,84,114,129,96,114,127,87,87,189,86,86,86,161,103,100,90,88,165,108,131,137,121,128,181,128,121,95,106,92,109,123,165,165,170,162,180,170,160,180,170,164,164,164,195,97,94,90,92,97,157,118,109,148,121,134,97,138,88,120,119,96,167,89,166,100,171,178,157,89,94,157,97,94,90,92,97,157,149,168,124,121,132,173,169,102,91,122,176,87,87,218,86,86,86,125,57,59,63,55,20,25,55,70,45,55,76,72,67,61,55,2,75,36,38,22,31,18,31,22,64,77,59,74,28,2,2,6,5,9,7,255,9,7,3,87,88,184,97,249,86,127,123,123,65,24,197,136,139,164,117,92,73,15,175,186,103,10,4,21,59,222,87,128,255,131,164,219,200,244,213,238,153,24,15,114,4,38,38,92,125,249,227,87,88,158,103,71,86,126,202,190,170,187,236,101,255,101,219,101,84,168,31,17,185,133,137,190,66,253,190,202,253,49,15,202,190,67,152,135,84,101,33,204,153,168,171,101,223,82,87,86,195,86,86,86,170,56,23,12,11,4,46,246,243,60,247,241,15,50,38,36,47,19,47,36,60,40,53,254,227,15,16,49,26,20,26,48,26,25,45,52,6,46,58,0,24,29,28,25,26,22,17,14,45,227,40,49,39,205,205,227,205,47,50,38,36,47,227,42,55,248,12,250,29,5,44,247,60,227,0,227,18,51,249,5,56,245,29,42,235,87,86,25,86,86,86,166,104,137,79,91,142,75,115,128,65,120,96,69,65,127,142,135,124,141,130,136,135,65,66,133,136,124,122,133,57,132,86,65,65,75,79,67,74,66,68,65,74,75,70,74,75,66,66,84,133,136,124,122,133,57,123,86,148,65,65,82,82,68,74,82,66,70,74,82,66,69,65,65,74,76,79,67,74,66,68,65,87,88,28,105,113,86,135,248,115,248,39,39,96,191,248,191,96,191,248,210,96,20,20,191,210,229,58,191,39,77,20,191,87,115,191,87,39,39,96,20,20,20,191,229,30,77,248,39,115,248,39,77,20,191,191,115,87,88,169,103,71,86,130,234,234,98,98,149,81,81,81,234,251,46,132,114,98,166,114,98,132,81,234,80,166,234,80,98,98,149,81,81,234,251,80,115,234,98,132,81,80,166,80,98,98,246,148,87,87,48,86,86,86,148,18,11,254,80,9,61,72,72,65,70,65,73,71,72,65,64,77,65,64,73,73,76,79,14,80,20,11,80,12,11,15,17,12,80,2,61,14,215,9,221,77,7,55,80,9,18,80,2,60,72,72,64,70,65,73,71,72,65,65,77,65,65,87,86,43,86,86,86,152,84,84,75,159,147,144,153,75,161,104,161,86,93,96,97,75,144,153,143,102,75,141,134,148,136,104,158,159,157,148,153,146,89,142,147,140,157,83,161,84,75,144,153,143,102,75,157,144,159,160,157,153,75,159,140,141,151,144,89,142,154,153,142,140,159,83,87,86,199,86,86,86,170,41,240,231,44,53,43,240,239,240,240,243,58,59,57,48,53,46,245,42,47,40,57,239,239,239,248,248,247,242,249,240,244,249,240,243,239,239,239,248,247,248,242,248,251,240,244,248,251,240,242,239,248,251,244,248,251,240,240,243,239,239,248,248,0,241,248,240,242,239,255,244,255,240,240,240,240,239,56,17,27,11,20,255,20,87,88,206,109,253,86,165,234,176,35,133,222,188,102,102,145,171,237,145,217,237,145,125,125,125,180,15,58,145,93,191,228,188,61,122,173,240,254,133,12,225,176,58,174,73,174,162,185,176,159,21,159,153,159,136,84,245,211,107,127,4,159,133,61,58,24,199,12,211,38,61,130,202,102,245,116,90,234,185,214,185,234,176,35,133,222,87,88,235,99,27,86,126,69,243,243,169,26,208,169,52,208,169,0,0,0,109,38,207,156,160,182,125,69,64,143,16,65,21,12,194,12,207,238,129,34,155,216,246,129,139,4,139,87,87,115,86,86,86,125,209,210,199,196,206,109,208,191,126,170,128,157,181,202,127,186,137,170,208,201,200,197,206,176,190,202,170,201,196,206,191,147,118,147,191,197,190,206,109,87,88,177,99,27,86,123,51,81,51,45,84,184,158,45,81,175,227,15,193,97,124,89,193,180,232,98,193,132,33,50,227,176,81,197,84,81,45,84,184,158,45,81,15,87,88,100,109,253,86,163,56,59,171,7,231,85,122,70,223,125,116,62,82,231,226,122,165,252,237,197,145,185,208,162,211,70,165,134,73,188,27,162,252,252,252,252,85,249,65,203,131,19,111,203,131,19,65,252,16,111,16,19,19,88,252,252,203,203,180,65,131,19,111,131,19,88,252,252,252,203,203,39,65,203,203,19,111,87,88,96,105,113,86,133,3,3,107,145,88,3,22,183,3,22,107,107,164,88,88,3,3,98,126,3,107,145,88,3,60,183,3,60,107,107,164,88,88,155,117,145,117,107,183,117,107,164,88,88,3,3,240,87,87,164,86,86,86,168,186,213,189,187,188,213,211,185,213,211,189,189,184,188,188,205,205,187,213,211,189,185,213,211,189,184,188,188,188,213,212,213,187,211,189,185,211,189,187,188,210,210,185,210,210,189,189,189,105,184,147,144,146,125,118,127,182,131,124,133,146,188,188,188,213,213,212,187,204,189,185,204,189,184,213,212,213,184,188,188,213,213,87,88,224,99,27,86,177,197,2,93,245,15,232,119,41,119,245,245,245,245,232,157,162,36,84,201,184,201,84,118,183,205,144,58,232,232,171,15,145,41,145,245,245,28,128,27,196,145,149,171,114,58,53,132,5,245,223,128,222,18,62,240,144,171,136,240,227,23,145,240,179,80,97,18,249,62,188,45,253,49,209,171,114,118,128,1,118,244,98,222,18,62,240,144,171,136,240,227,87,86,225,86,86,86,131,52,22,49,64,17,38,91,15,52,74,91,70,1,30,1,48,81,23,35,86,19,59,72,9,48,81,23,35,86,19,59,72,9,64,40,13,9,71,86,79,68,85,74,80,79,87,86,243,86,86,86,157,27,28,95,98,86,84,95,19,94,48,27,27,42,40,29,36,28,30,27,42,32,42,28,28,46,95,98,86,84,95,19,85,48,110,27,27,36,41,35,29,36,28,30,27,37,35,32,37,35,28,28,31,27,27,36,39,38,30,36,38,28,32,36,38,28,31,27,27,27,36,43,87,88,39,89,1,86,124,183,168,210,162,174,210,162,168,159,189,192,174,189,192,162,162,171,159,159,186,207,195,168,186,207,162,174,186,207,162,171,159,159,186,189,198,165,186,87,86,251,86,86,86,134,36,38,35,44,49,40,44,49,36,36,120,54,97,106,109,27,100,56,44,39,30,93,27,95,106,27,103,106,94,92,103,27,113,56,93,86,100,88,40,102,54,27,100,97,27,113,55,35,87,86,8,86,86,86,153,48,56,51,57,57,49,53,57,57,49,40,124,112,109,118,40,126,69,126,51,48,48,48,58,61,62,51,59,49,53,59,49,51,48,61,53,61,49,49,40,109,118,108,67,40,106,99,113,101,69,123,124,122,113,118,111,54,107,112,105,122,48,126,49,40,109,118,87,87,147,86,86,86,132,175,92,115,165,174,159,158,165,169,115,159,178,181,167,174,105,180,168,169,180,178,159,107,181,106,115,174,169,175,106,107,106,106,103,107,177,158,169,180,159,170,168,169,107,106,167,87,86,95,86,86,86,160,206,194,192,203,127,202,156,135,135,144,146,148,137,144,136,138,135,147,140,147,136,136,154,203,206,194,192,203,127,193,156,218,135,135,135,145,146,150,138,144,147,136,140,144,147,136,138,135,145,146,140,145,146,136,136,139,145,147,152,139,145,147,149,139,135,135,135,145,147,147,138,144,145,136,87,87,224,86,86,86,173,253,17,14,249,247,248,17,17,253,17,17,249,249,252,248,248,248,14,17,20,247,18,249,253,18,249,247,248,14,15,253,14,15,249,249,252,248,248,248,14,15,19,247,9,249,253,9,249,247,248,17,19,253,17,19,249,249,252,14,15,19,252,248,248,248,14,21,16,247,17,17,249,253,17,17,249,247,248,17,18,253,17,18,249,249,252,248,87,88,6,89,1,86,129,126,156,159,168,135,177,129,141,177,129,138,126,126,156,165,153,135,153,156,129,141,153,156,129,125,183,56,83,92,102,65,189,126,126,153,132,153,129,135,126,153,165,141,87,87,226,86,86,86,161,19,15,251,251,246,5,68,2,62,57,2,54,57,69,67,54,2,80,7,68,45,59,39,247,61,13,2,59,64,2,80,6,250,250,18,253,17,251,247,17,251,2,78,58,63,56,2,80,7,80,253,20,15,16,2,63,56,62,13,2,68,45,59,39,7,85,78,84,59,56,65,248,69,58,67,87,88,143,99,27,86,131,89,151,141,164,47,176,37,163,142,47,89,176,115,128,89,37,47,115,124,137,11,176,229,150,50,37,150,124,115,151,137,164,47,176,37,163,164,151,164,164,151,25,77,255,203,87,88,131,105,113,86,140,123,123,38,133,19,161,38,142,180,123,190,218,190,142,142,142,65,69,145,229,115,211,152,219,115,96,172,114,115,144,19,162,145,237,115,192,12,78,31,78,192,173,227,10,227,96,211,133,105,50,57,49,40,123,87,88,119,103,71,86,129,182,231,13,217,60,201,113,78,31,198,46,99,31,61,60,197,10,43,112,214,197,31,48,163,214,10,232,163,151,146,132,31,31,31,184,30,252,82,64,48,116,64,48,87,88,224,93,13,86,129,13,248,55,62,27,55,62,255,255,125,212,233,149,135,212,192,142,139,61,248,248,76,6,55,255,13,248,55,48,27,55,48,255,255,20,248,248,62,76,69,6,55,255,87,86,101,86,86,86,124,144,141,154,146,154,142,142,145,151,153,145,141,141,151,157,143,150,142,144,141,150,151,146,150,151,142,142,145,141,141,141,151,151,154,144,150,158,142,87,87,48,86,86,86,137,77,65,57,73,71,72,69,77,69,73,73,253,55,18,11,254,80,9,61,72,72,72,65,71,65,56,73,77,65,56,73,71,72,66,77,66,73,73,76,79,14,80,20,11,80,12,11,15,17,12,80,87,86,48,86,86,86,158,166,109,146,139,153,141,93,155,107,80,153,150,80,166,108,96,80,164,152,149,158,80,166,109,166,91,88,88,98,101,102,90,97,89,91,88,97,102,93,97,102,89,89,80,149,158,148,107,80,146,139,153,141,109,163,164,162,153,158,151,94,147,152,145,162,88,166,89,80,149,158,148,87,86,239,86,86,86,174,42,15,97,84,99,100,97,93,15,99,80,81,91,84,29,82,94,93,82,80,99,23,81,24,15,84,93,83,24,23,24,24,27,23,85,100,93,82,99,88,94,93,23,24,91,94,82,80,91,15,90,44,23,23,32,33,25,32,24,26,23,32,40,28,32,40,24,24,42,91,94,82,80,91,15,81,44,106,23,23,32,32,35,25,32,24,26,23,87,86,212,86,86,86,144,11,1,11,253,253,0,252,252,5,6,10,254,5,253,255,252,5,9,1,5,9,253,253,0,252,252,5,6,7,255,5,8,253,1,5,8,253,0,252,252,5,6,5,255,5,4,253,1,5,4,253,0,252,252,13,5,255,6,87,86,113,86,86,86,164,154,158,163,154,157,162,162,165,157,162,162,165,157,153,153,162,163,168,156,167,154,158,167,154,157,153,153,162,162,164,155,162,154,156,153,162,165,158,162,165,154,154,157,153,153,153,162,163,169,156,163,154,158,163,154,156,153,162,163,158,162,163,154,154,238,172,215,224,227,145,218,174,153,153,162,155,162,154,87,88,53,109,253,86,168,18,205,15,64,15,228,228,41,90,3,21,49,46,21,233,46,26,236,233,21,207,176,3,98,164,144,64,210,130,21,164,95,21,207,153,205,205,205,133,18,202,228,64,202,228,18,205,202,64,202,228,228,21,161,141,72,23,21,207,176,207,18,205,205,179,248,15,18,15,228,64,15,228,21,72,23,49,130,21,3,98,164,87,88,210,103,71,86,173,255,223,117,134,100,203,32,169,224,101,186,67,100,122,168,139,242,135,32,118,189,242,100,135,134,151,100,32,242,134,67,84,254,135,224,101,49,32,101,67,134,122,84,139,242,135,32,118,139,122,139,139,122,19,36,2,190,19,87,2,139,124,168,236,136,34,66,121,154,34,17,85,87,34,33,2,103,236,224,52,67,101,237,169,100,49,151,87,88,152,93,13,86,144,154,84,109,161,140,161,182,253,120,67,120,193,168,18,102,203,246,14,105,176,49,137,21,176,98,203,154,77,196,119,161,154,176,183,140,161,77,63,140,120,133,67,176,176,239,253,18,190,239,183,197,176,18,211,18,183,183,53,87,86,39,86,86,86,162,147,150,138,136,147,71,137,100,162,79,79,89,87,90,81,88,80,82,79,88,95,84,88,95,80,80,83,79,79,89,91,94,81,88,80,82,79,88,92,84,88,92,80,80,83,79,79,79,89,91,91,82,90,80,84,90,80,82,79,88,91,84,88,91,80,80,83,79,79,79,89,91,94,82,92,80,87,88,235,99,27,86,135,52,156,0,26,243,104,117,52,104,117,0,0,39,243,243,117,156,91,26,130,0,52,130,0,39,243,243,104,195,182,13,104,0,26,243,182,52,182,0,0,68,234,25,142,181,139,64,4,243,87,88,174,91,35,86,146,118,118,163,133,163,188,123,143,163,188,123,133,118,163,168,143,163,168,123,123,138,93,152,78,162,217,78,202,217,157,147,202,78,252,223,152,117,187,127,143,197,213,78,187,172,78,252,218,118,118,158,128,163,123,133,118,163,203,143,163,87,86,123,86,86,86,161,180,164,164,155,239,227,224,233,155,241,184,241,166,173,176,177,155,224,233,223,182,155,221,214,228,216,184,238,239,237,228,233,226,169,222,227,220,237,163,241,164,155,224,233,223,182,155,237,224,239,240,237,233,155,239,220,221,231,224,169,222,234,233,222,220,239,163,221,164,155,224,233,223,164,163,87,87,243,86,86,86,142,10,22,7,11,81,62,73,84,63,74,72,73,11,10,71,72,84,82,71,19,76,246,11,11,11,5,3,5,12,2,5,10,6,2,5,10,12,11,250,6,250,10,10,252,71,72,84,82,71,19,85,246,60,255,251,7,87,88,48,97,249,86,166,232,232,130,64,9,163,243,31,163,243,20,232,232,119,141,254,75,243,9,232,86,86,31,86,86,243,243,20,232,232,232,119,119,9,86,243,31,86,243,9,232,163,31,163,243,243,20,232,232,86,152,254,75,243,9,232,75,97,31,75,97,243,243,20,232,232,75,141,9,75,64,243,31,75,64,243,20,232,232,232,87,88,156,99,27,86,153,25,38,203,25,38,177,229,25,38,177,203,164,38,25,229,38,25,177,177,245,155,202,63,102,60,241,181,164,164,164,25,203,25,90,177,229,25,90,177,203,164,25,51,229,25,51,177,177,216,99,150,60,176,63,60,24,63,163,137,24,60,154,181,150,59,241,85,87,86,9,86,86,86,130,54,116,68,41,114,111,41,127,69,49,49,57,52,58,60,50,54,58,60,50,41,125,113,110,119,41,127,70,127,52,49,49,59,62,63,52,63,50,54,63,50,41,110,119,87,86,120,86,86,86,174,220,179,152,218,211,225,213,181,235,236,234,225,230,223,166,219,224,217,234,160,238,161,152,221,230,220,179,152,234,221,236,237,234,230,152,236,217,218,228,221,166,219,231,230,219,217,236,160,218,161,152,221,230,220,161,160,161,161,160,160,160,160,170,173,163,169,171,161,165,169,171,161,163,160,169,176,165,169,176,161,161,164,160,160,160,170,173,163,87,87,248,86,86,86,123,233,232,225,229,233,232,225,223,224,235,229,235,225,225,228,224,224,230,237,223,233,232,225,229,233,232,225,225,254,42,46,74,72,40,235,64,72,87,88,4,89,1,86,138,241,253,163,244,33,148,211,114,142,6,63,93,63,42,72,51,100,187,100,54,39,72,93,51,34,102,114,6,244,84,169,220,244,241,253,163,244,33,148,211,114,142,199,45,96,63,102,51,100,187,100,96,87,88,53,91,35,86,126,111,126,46,103,103,213,103,81,96,36,26,81,213,222,162,141,157,141,217,182,126,62,212,227,242,142,81,66,92,213,41,96,213,81,96,36,26,81,213,237,87,88,183,99,27,86,166,73,134,8,121,52,177,233,225,155,208,186,103,117,17,168,65,73,242,191,138,82,86,191,229,168,77,190,155,12,90,77,191,204,51,90,190,164,51,87,38,208,91,156,182,51,90,190,164,51,87,177,208,246,191,191,52,65,65,217,52,204,230,191,78,0,78,204,204,243,191,191,52,104,156,230,52,143,204,0,52,87,87,99,86,86,86,137,139,122,119,123,123,146,145,143,124,144,122,118,144,122,119,123,123,123,146,145,142,124,138,122,118,138,122,124,123,142,118,142,122,122,119,123,123,123,146,143,145,124,148,122,118,148,122,124,123,146,147,87,87,100,86,86,86,138,121,149,148,125,125,120,124,124,124,149,145,141,123,145,125,121,145,125,123,124,146,148,121,146,148,125,125,120,124,124,149,144,140,123,149,144,125,121,149,144,125,120,124,124,149,145,148,122,149,125,123,124,87,87,119,86,86,86,169,107,98,107,94,94,178,112,157,164,169,87,158,114,95,95,102,97,102,94,96,95,102,107,98,102,107,94,94,99,88,153,87,155,164,87,163,164,152,150,163,87,173,114,153,208,158,210,98,160,112,87,158,157,87,173,115,95,95,95,103,96,109,94,98,109,94,96,95,102,108,98,102,108,94,94,87,171,159,154,165,87,173,114,87,86,169,86,86,86,153,31,212,209,209,219,222,223,211,218,210,212,209,218,225,214,218,225,210,210,201,14,23,13,228,201,11,4,18,6,230,28,29,27,18,23,16,215,12,17,10,27,209,31,210,201,14,23,13,228,201,27,14,29,30,27,23,201,29,10,11,21,14,215,12,24,23,12,87,87,127,86,86,86,165,158,179,87,161,86,95,162,157,163,86,87,86,202,91,87,165,178,157,160,179,150,156,157,87,86,155,156,160,158,155,95,152,106,87,87,113,113,103,88,110,111,86,90,110,111,86,104,155,156,160,158,155,95,161,106,168,87,87,87,103,113,88,110,117,86,90,110,117,86,88,87,110,110,90,110,110,86,86,91,87,86,106,86,86,86,151,146,146,146,161,157,149,163,147,151,163,147,149,146,160,151,160,147,147,150,163,155,231,165,208,217,220,138,211,167,155,150,141,204,138,206,217,138,214,217,205,203,214,138,224,167,204,197,211,199,151,213,165,138,211,208,138,224,166,146,146,154,148,155,147,149,87,88,24,91,35,86,165,224,18,8,249,18,8,229,229,184,92,32,17,62,184,102,73,102,239,224,224,18,33,38,234,13,229,239,224,13,23,249,13,23,229,229,184,17,62,12,63,184,2,223,37,233,73,87,92,82,37,62,27,254,7,32,253,82,224,102,229,184,17,62,12,63,184,82,17,92,97,82,62,184,92,253,2,52,17,254,87,86,139,86,86,86,132,238,250,249,238,236,255,179,237,180,171,240,249,239,180,179,180,180,179,252,213,223,207,216,195,216,207,249,254,236,251,205,179,179,195,182,191,193,184,191,193,180,180,183,171,1,5,87,86,201,86,86,86,145,31,25,57,0,17,25,24,28,254,25,40,249,14,67,242,4,233,30,18,65,17,65,29,22,62,254,28,31,34,14,53,50,6,33,35,20,30,19,250,43,67,27,61,233,46,55,45,211,30,18,65,17,65,29,22,62,254,28,31,87,87,121,86,86,86,152,208,188,165,160,99,198,160,175,156,89,116,89,194,169,107,183,172,103,207,154,97,194,169,107,183,172,103,207,154,97,210,186,101,97,155,172,163,150,173,160,162,163,97,96,165,162,150,152,165,89,158,116,97,97,97,108,105,94,104,107,96,100,104,107,96,94,87,87,8,86,86,86,140,240,217,220,245,217,220,241,241,223,52,51,39,41,52,232,38,229,31,240,240,217,215,221,239,217,221,241,245,217,221,241,244,240,240,217,217,224,238,217,241,239,240,217,220,245,217,220,241,241,244,240,240,217,221,87,88,217,103,71,86,175,94,163,26,146,180,129,77,214,77,146,146,197,129,129,129,26,94,162,180,77,146,214,77,146,180,129,162,214,162,146,146,197,129,129,26,9,9,180,162,146,214,162,146,38,196,159,56,107,249,210,230,129,129,129,26,180,145,146,214,145,146,180,129,94,214,94,146,146,197,44,91,249,125,56,249,5,56,108,74,5,249,175,230,91,228,210,6,214,244,87,87,184,86,86,86,175,175,152,97,90,152,106,180,168,152,108,96,93,98,152,106,181,106,159,166,173,170,152,93,98,92,175,152,86,143,97,149,181,103,108,102,97,98,91,162,87,96,89,102,160,106,161,152,93,98,92,175,152,102,93,108,109,102,98,152,108,89,86,100,93,162,87,99,98,87,89,108,160,86,161,152,93,98,92,161,160,161,161,164,160,90,109,98,87,108,87,87,157,86,86,86,126,132,126,127,197,196,129,126,122,124,129,189,130,208,197,197,203,205,203,195,204,196,194,197,204,202,192,204,202,196,196,210,129,126,122,124,129,189,123,208,146,87,86,26,86,86,86,171,66,66,66,79,80,69,79,67,71,79,67,69,66,79,71,79,67,67,70,66,66,66,78,81,69,76,67,71,76,67,69,66,76,76,71,76,76,67,67,70,66,66,80,79,69,77,67,71,77,67,151,85,128,137,140,58,131,87,66,66,66,75,69,80,67,71,80,67,69,66,82,71,82,67,67,70,61,124,58,126,137,58,134,137,125,87,86,27,86,86,86,157,124,135,59,145,88,125,118,132,120,72,134,86,59,132,129,59,145,87,67,67,67,75,70,76,83,68,72,76,83,68,70,67,83,72,83,68,68,59,143,131,128,137,59,145,88,145,70,67,67,77,80,81,70,76,81,68,72,76,81,68,59,128,137,127,86,59,125,118,132,120,88,87,86,219,86,86,86,147,78,79,77,68,73,66,9,62,67,60,77,3,81,4,251,64,73,63,22,251,77,64,79,80,77,73,251,79,60,61,71,64,9,62,74,73,62,60,79,3,61,4,251,64,73,63,4,3,4,4,3,3,3,3,12,6,12,17,4,8,12,87,86,104,86,86,86,165,158,145,147,144,153,153,149,153,153,145,145,148,152,148,144,144,152,147,153,153,145,149,153,153,145,148,144,144,155,152,146,153,145,147,144,153,159,149,153,159,145,145,145,114,189,177,224,176,224,188,181,221,157,187,190,193,173,212,209,150,188,205,224,220,136,165,136,217,178,188,172,181,160,181,172,214,219,201,216,87,87,217,86,86,86,144,23,1,1,16,254,13,6,4,13,6,0,0,223,44,32,81,33,81,45,36,76,12,38,43,48,28,69,64,3,23,56,54,62,58,71,66,76,67,61,22,66,69,66,71,6,249,20,249,34,73,11,23,76,7,47,58,1,34,87,88,176,103,71,86,146,32,70,18,117,2,170,135,88,255,103,156,88,118,117,254,67,100,169,15,254,88,105,220,15,67,33,220,208,203,189,88,88,241,53,121,139,241,19,105,173,241,19,105,155,220,15,67,33,220,208,50,189,219,88,88,2,2,70,122,241,87,86,3,86,86,86,152,44,46,43,52,56,48,52,56,44,44,47,43,43,43,52,55,46,54,44,48,54,44,46,43,52,60,48,52,60,44,44,47,52,52,47,43,43,52,55,46,58,44,48,58,44,47,43,43,52,58,45,52,44,46,43,60,48,60,44,44,47,43,43,53,52,51,87,87,208,86,86,86,152,166,161,169,167,168,162,173,162,169,169,93,151,114,107,94,176,105,157,161,172,175,110,176,116,107,176,108,107,111,113,108,176,98,157,110,119,105,125,173,103,151,176,105,114,176,98,156,168,168,160,167,161,161,169,173,161,161,169,176,100,104,117,106,176,98,157,87,86,1,86,86,86,140,119,44,41,41,51,54,55,43,50,42,44,41,51,50,46,51,50,42,42,33,102,111,101,60,33,99,92,106,94,62,116,117,115,106,111,104,47,100,105,98,115,41,119,42,33,102,111,101,60,33,115,102,117,118,87,86,192,86,86,86,161,50,46,224,52,33,34,44,37,238,35,47,46,35,33,52,232,34,233,224,37,46,36,233,232,233,233,236,232,38,53,46,35,52,41,47,46,232,233,44,47,35,33,44,224,43,253,232,232,246,249,234,241,233,235,232,243,237,243,233,233,251,44,47,35,33,44,224,34,253,59,232,232,232,241,247,87,86,127,86,86,86,158,176,170,179,168,172,179,168,170,167,176,178,172,176,178,168,168,171,176,183,178,171,167,167,176,183,175,170,176,177,168,172,176,177,168,171,167,167,176,182,183,169,176,168,170,167,182,172,182,168,168,171,167,167,176,180,176,170,176,178,168,172,176,178,168,171,167,167,167,176,179,175,170,87,88,164,97,249,86,140,191,23,103,147,191,23,103,125,92,12,147,12,103,103,136,92,92,191,213,235,125,202,103,147,202,103,3,45,6,105,138,4,39,67,191,136,37,218,4,240,105,4,72,105,229,207,72,4,182,67,218,141,39,163,87,88,11,107,147,86,148,188,210,226,171,168,105,171,185,247,83,83,251,125,16,104,146,83,37,37,188,37,37,104,104,171,143,147,84,17,171,185,12,185,146,83,83,83,37,100,121,146,16,251,104,188,16,251,104,146,83,37,251,188,37,251,104,104,171,84,17,63,226,87,88,173,97,249,86,140,13,227,150,48,172,76,158,169,147,48,103,26,167,238,37,216,147,101,191,112,13,4,103,249,54,13,147,4,169,180,147,103,13,169,216,227,81,4,167,238,114,103,238,216,169,101,227,112,13,4,103,249,112,101,87,88,147,89,1,86,133,14,14,11,11,11,35,20,47,14,26,47,14,23,11,11,11,38,56,35,20,38,50,14,26,38,50,14,20,11,38,53,26,38,53,14,14,23,11,11,41,50,50,17,38,14,20,11,87,87,221,86,86,86,161,12,9,0,12,9,4,4,4,227,40,36,85,37,85,41,32,72,8,42,39,52,24,65,68,255,41,56,85,73,26,62,65,62,75,10,253,16,253,30,77,7,27,72,11,51,54,5,46,22,50,5,55,72,63,58,73,68,62,63,5,4,65,62,58,60,65,253,66,16,5,5,20,9,3,12,87,87,180,86,86,86,123,205,203,204,197,192,201,197,192,205,205,187,136,135,147,149,136,212,146,185,123,204,204,204,197,190,197,203,193,205,201,193,205,203,204,191,201,191,87,86,137,86,86,86,170,178,178,181,187,185,190,181,177,177,187,185,187,180,186,194,178,182,186,194,178,181,177,177,187,185,190,179,186,178,180,177,189,182,189,178,178,181,177,177,177,187,185,193,180,188,178,182,188,178,180,177,186,185,182,186,185,178,178,181,177,177,186,189,190,180,194,178,182,194,178,6,196,239,248,251,169,242,198,177,177,186,179,186,178,87,88,2,89,1,86,164,131,122,158,137,158,125,125,134,107,40,98,46,79,98,70,79,43,37,70,98,100,185,40,19,61,25,137,67,179,98,61,52,98,100,182,122,122,146,128,149,125,131,122,152,155,137,152,155,125,125,98,94,58,49,76,98,100,185,100,131,122,122,152,161,164,131,173,125,137,173,125,98,49,76,46,179,98,40,87,87,40,86,86,86,164,223,17,229,69,247,252,246,17,18,11,82,7,16,9,246,80,250,81,72,13,18,12,63,72,246,13,252,253,246,18,72,252,9,6,20,13,82,7,19,18,7,9,252,80,6,81,72,13,18,12,81,80,81,229,84,80,10,253,18,7,252,17,19,18,80,81,20,19,7,9,20,72,15,69,80,80,80,64,87,86,164,86,86,86,144,213,207,213,213,205,209,213,213,205,207,204,213,214,209,213,214,205,205,223,16,19,7,5,16,196,6,225,31,204,204,213,221,213,207,218,205,209,218,205,208,204,204,213,220,214,207,216,205,209,216,205,208,204,204,214,212,212,206,87,87,10,86,86,86,126,219,243,245,242,221,239,221,243,243,31,229,40,49,28,234,51,223,242,242,219,244,219,243,245,242,219,219,239,219,219,243,243,238,237,44,234,38,49,234,46,87,88,124,97,249,86,126,65,189,167,32,220,142,27,178,101,255,123,107,21,5,220,255,222,220,142,16,52,52,140,85,151,151,63,107,151,151,63,220,120,244,211,54,220,142,27,142,87,88,146,109,253,86,133,111,42,42,42,16,85,108,111,249,154,65,157,249,154,65,111,42,249,226,157,249,226,65,65,114,165,116,142,223,114,96,191,1,237,13,231,254,208,1,116,211,180,119,234,73,208,42,87,87,149,86,86,86,176,159,108,117,176,167,177,90,117,163,176,161,160,163,167,117,161,180,179,169,176,103,178,166,167,178,180,161,109,179,108,117,176,167,177,108,109,108,108,109,109,109,109,100,106,94,108,104,94,108,106,109,100,95,104,100,95,108,108,105,109,109,100,106,100,99,108,104,100,99,108,105,109,109,109,100,106,98,108,104,98,108,106,109,95,104,95,108,108,108,139,87,88,192,107,147,86,147,185,189,152,168,152,164,17,89,25,143,206,13,105,156,93,134,126,219,198,68,96,193,96,105,198,89,177,134,126,219,198,68,134,147,219,68,72,181,177,42,219,156,244,146,185,189,152,168,152,164,17,89,25,143,206,13,105,156,93,134,164,87,87,231,86,86,86,145,74,63,59,24,78,65,74,7,2,7,15,15,246,253,16,246,251,14,18,246,251,14,241,241,7,241,83,84,72,70,83,7,62,72,72,81,251,24,80,82,43,252,26,249,251,77,0,7,75,84,7,83,84,72,70,83,7,54,36,87,86,9,86,86,86,177,75,108,116,63,113,81,70,88,121,63,75,126,59,99,112,49,104,80,100,49,111,126,119,108,125,114,120,119,49,50,117,120,108,106,117,41,116,70,66,59,68,117,120,108,106,117,41,107,70,132,49,49,58,63,62,51,58,50,52,49,59,58,54,59,58,50,50,53,49,49,59,57,59,52,58,65,50,54,58,65,50,53,49,49,49,59,57,64,52,58,62,87,87,190,86,86,86,161,151,155,175,179,151,153,150,175,180,155,175,180,151,151,154,150,150,176,174,166,153,175,174,151,155,175,174,151,154,150,150,150,175,166,167,153,167,151,155,167,151,153,150,167,155,167,151,151,154,150,150,150,176,174,176,153,175,181,151,155,175,181,151,153,150,175,179,155,175,179,151,151,154,175,167,87,87,24,86,86,86,143,73,68,73,81,71,21,79,250,3,6,56,1,85,64,64,73,62,73,65,63,64,77,69,77,65,65,68,55,246,56,252,3,56,4,3,247,249,4,56,10,85,246,239,1,245,69,255,79,56,1,250,56,10,84,64,64,72,87,87,153,86,86,86,140,191,200,192,190,193,200,205,196,200,205,192,192,185,141,129,124,131,185,139,212,139,190,193,193,193,199,204,203,190,209,192,196,209,192,190,193,199,199,196,199,199,192,192,185,124,131,125,206,185,119,110,128,116,212,87,86,35,86,86,86,177,150,151,149,140,145,138,81,134,139,132,149,75,153,76,67,136,145,135,94,67,149,136,151,152,149,145,67,151,132,133,143,136,81,134,146,145,134,132,151,75,133,76,67,136,145,135,76,75,76,128,79,75,137,152,145,134,151,140,146,145,75,76,143,146,134,132,143,67,142,96,85,85,91,94,143,146,134,132,143,67,133,96,158,75,75,91,85,78,85,76,80,87,86,140,86,86,86,167,190,181,184,180,180,195,191,182,189,181,183,180,194,185,194,181,181,184,180,180,197,189,183,194,181,185,194,181,9,199,242,251,254,172,245,201,180,180,189,182,189,181,183,180,190,188,185,190,188,181,181,184,175,238,172,240,251,172,248,251,239,237,248,172,2,201,238,231,245,233,185,247,199,172,245,242,172,2,200,180,180,87,86,105,86,86,86,142,153,148,154,157,146,150,154,157,146,137,221,209,206,215,137,223,166,223,148,145,145,145,155,158,159,148,154,153,146,150,154,153,146,148,145,154,161,150,154,161,146,146,137,206,215,205,164,137,203,196,210,198,166,220,221,219,87,86,235,86,86,86,137,84,89,82,25,78,83,76,93,19,97,20,11,80,89,79,38,11,93,80,95,96,93,89,11,95,76,77,87,80,25,78,90,89,78,76,95,19,77,20,11,80,89,79,20,19,20,20,19,92,53,63,87,88,50,107,147,86,166,198,131,202,131,198,56,161,39,98,156,122,122,55,34,185,118,55,227,118,55,143,143,206,210,224,52,64,194,98,181,26,194,173,1,139,194,253,34,219,52,143,9,210,31,81,81,228,118,1,249,35,198,181,43,76,118,144,51,119,253,156,81,249,160,186,26,210,123,56,102,4,31,81,81,228,118,1,249,35,198,87,86,116,86,86,86,129,171,201,166,168,218,162,199,221,238,217,148,177,148,195,228,170,182,233,166,206,219,156,211,187,207,156,218,233,226,215,232,221,227,226,156,157,224,227,215,213,224,148,223,87,87,21,86,86,86,128,216,237,237,237,228,225,221,234,228,226,236,232,228,226,236,234,237,226,232,226,236,236,218,41,38,50,52,41,245,51,216,26,237,237,237,227,226,226,234,227,236,232,87,86,0,86,86,86,128,50,41,43,40,52,45,52,41,41,44,40,40,40,50,49,54,43,49,51,41,45,49,51,41,43,40,51,45,51,41,41,44,40,40,40,50,53,51,43,49,48,41,87,86,183,86,86,86,150,228,232,231,224,226,223,237,228,237,224,224,227,223,223,223,232,226,237,224,228,237,224,226,223,232,233,228,232,233,224,224,227,223,223,232,240,239,225,232,224,226,223,232,237,228,232,237,224,224,52,242,29,38,41,215,32,244,223,223,232,226,232,236,224,87,86,101,86,86,86,160,146,150,154,142,145,136,199,133,201,212,133,209,212,200,198,209,133,219,162,199,192,206,194,146,208,160,133,206,203,133,219,161,141,141,149,144,151,142,146,151,142,133,217,205,202,211,133,219,162,219,144,141,141,151,154,155,144,150,156,142,146,150,156,142,133,202,211,201,160,133,199,192,206,194,87,86,192,86,86,86,146,253,51,52,50,41,46,39,238,35,40,33,50,232,54,233,224,37,46,36,251,224,50,37,52,53,50,46,224,52,33,34,44,37,238,35,47,46,35,33,52,232,34,233,224,37,46,36,233,232,233,29,236,232,38,53,46,35,52,41,47,87,87,181,86,86,86,126,135,205,204,137,134,146,148,137,213,138,184,205,205,194,188,203,196,204,202,205,193,200,193,204,204,186,137,134,146,148,137,213,147,184,122,196,193,196,201,205,87,86,159,86,86,86,138,199,208,212,210,202,208,213,200,204,208,213,200,203,199,199,199,208,212,207,202,216,200,204,216,200,202,199,208,215,204,208,215,200,200,203,199,199,208,211,215,202,208,213,200,204,208,213,200,203,199,199,208,87,86,228,86,86,86,127,21,28,14,21,13,15,12,21,27,17,21,27,13,13,16,21,24,21,16,12,12,21,24,21,14,21,13,15,12,26,17,26,13,13,16,21,25,24,16,12,12,87,87,165,86,86,86,166,212,209,213,187,212,188,186,189,212,208,184,212,208,188,188,185,189,189,189,212,208,208,186,205,188,184,205,188,186,189,211,211,184,211,211,188,188,136,202,127,118,147,197,124,200,189,189,212,186,212,210,188,184,212,210,188,185,194,131,197,129,118,197,121,118,130,132,121,197,143,200,131,106,124,104,184,122,202,197,124,87,86,125,86,86,86,140,227,157,243,185,165,165,165,173,168,174,176,166,170,174,176,166,168,165,181,170,181,166,166,157,241,229,226,235,157,243,186,243,168,165,165,175,178,179,168,174,177,166,170,174,177,166,157,226,235,225,184,157,223,216,87,87,20,86,86,86,139,45,57,217,35,32,34,45,38,47,230,51,44,53,34,236,30,237,244,49,38,48,219,244,34,49,32,33,34,38,244,32,53,50,40,49,230,51,39,38,51,53,32,236,50,237,244,49,38,48,237,236,237,237,87,86,31,86,86,86,130,71,71,71,80,87,79,74,80,79,72,76,80,79,72,75,71,71,82,84,74,80,83,72,76,80,83,72,72,41,152,130,130,137,83,114,138,140,99,86,116,81,83,133,77,87,86,234,86,86,86,128,58,89,93,83,94,83,89,88,10,39,10,57,90,32,44,95,28,68,81,18,57,90,32,44,95,28,68,81,18,73,49,22,18,80,95,88,77,94,83,89,88,18,87,86,16,86,86,86,163,57,124,127,115,113,124,48,123,77,65,66,70,75,124,127,115,113,124,48,114,77,139,56,56,66,65,65,58,65,57,59,56,73,61,73,57,57,60,56,56,65,73,68,59,65,69,57,61,65,69,57,60,56,56,66,67,65,59,65,66,57,61,65,66,57,60,56,56,56,66,67,69,59,72,57,61,72,87,87,136,86,86,86,154,113,111,112,86,89,117,86,89,113,113,116,112,112,89,91,90,110,89,113,111,112,97,117,97,113,113,165,95,170,179,150,104,177,101,112,112,89,111,97,113,117,97,113,116,103,166,104,172,179,104,180,179,167,169,180,104,154,101,166,191,177,197,117,175,95,104,177,170,87,86,54,86,86,86,140,86,172,114,94,94,102,97,103,108,95,99,103,108,95,86,170,158,155,164,86,172,115,172,97,94,94,104,107,108,96,103,95,97,94,103,107,99,103,107,95,95,86,155,164,154,113,86,152,145,159,147,115,169,170,87,88,35,103,71,86,175,181,28,113,250,49,182,11,148,181,203,249,220,67,216,113,199,14,67,181,216,215,232,181,113,67,215,148,165,79,216,49,182,130,113,182,148,215,203,165,220,67,216,113,199,220,203,220,220,15,203,233,232,113,182,215,28,130,113,203,220,79,130,182,148,79,67,62,48,203,203,203,134,202,254,202,220,32,202,220,254,203,168,32,168,220,220,14,79,130,87,88,170,97,249,86,153,235,213,78,10,224,73,243,197,219,29,142,98,98,197,241,197,131,18,109,153,18,109,142,197,230,18,142,98,98,197,230,252,131,197,18,109,153,197,18,109,142,98,98,98,197,197,252,131,197,230,109,153,197,230,109,131,98,197,219,153,197,219,109,109,142,98,98,87,87,99,86,86,86,128,123,146,148,138,124,143,122,118,143,122,124,123,148,118,148,122,122,119,123,123,146,148,138,125,146,122,124,123,143,118,143,122,122,119,123,123,146,142,149,124,142,122,87,88,243,107,147,86,148,164,76,80,143,59,59,59,248,34,139,122,248,160,80,164,248,160,80,122,59,248,118,164,248,118,80,80,143,59,59,59,248,76,34,122,34,80,164,34,80,122,59,55,164,55,80,80,52,202,81,14,77,147,144,244,59,59,248,101,248,80,122,87,88,50,99,27,86,166,58,188,188,123,188,188,71,71,110,249,44,210,70,213,210,174,213,57,31,174,210,48,75,44,209,135,235,123,161,49,210,135,96,210,48,62,58,58,162,97,23,71,123,23,71,210,22,122,83,200,210,48,75,48,97,58,58,58,188,227,240,97,23,71,123,23,71,97,58,175,227,123,175,227,71,71,210,83,200,70,87,86,156,86,86,86,134,215,188,254,247,5,249,217,15,16,14,5,10,3,202,255,4,253,14,196,18,197,188,1,10,0,215,188,14,1,16,17,14,10,188,16,253,254,8,1,202,255,11,10,255,253,16,196,254,87,86,168,86,86,86,122,209,200,13,22,12,209,208,209,209,208,208,208,208,220,216,211,224,209,213,224,209,211,208,217,218,213,217,218,209,209,212,208,208,221,221,210,87,88,59,103,71,86,138,124,244,22,227,141,124,56,141,124,244,244,244,229,68,206,206,69,175,190,86,120,191,226,224,141,175,1,73,207,240,51,239,91,72,91,188,37,207,191,88,243,88,191,137,222,172,171,157,227,227,124,124,87,87,246,86,86,86,145,225,238,236,227,238,236,223,223,0,47,25,25,32,234,73,33,35,58,237,75,232,234,28,228,56,23,25,33,29,40,37,43,36,26,57,37,34,37,40,233,214,243,214,69,38,236,56,43,232,80,29,222,69,38,236,56,43,232,80,87,86,36,86,86,86,155,139,76,131,107,80,76,138,153,146,135,152,141,147,146,76,77,144,147,135,133,144,68,143,97,76,76,76,86,85,86,79,90,77,81,90,77,79,76,91,81,91,77,77,95,144,147,135,133,144,68,134,97,159,86,87,80,76,76,90,91,78,85,77,79,76,85,88,81,85,87,86,32,86,86,86,155,84,73,73,76,72,72,72,86,84,75,89,73,77,89,73,75,72,86,77,86,73,73,76,72,72,86,87,75,81,81,73,77,81,81,73,76,72,72,87,80,75,89,73,77,89,73,76,72,72,87,75,81,81,73,77,81,81,73,157,91,134,143,146,64,137,93,72,72,81,87,86,115,86,86,86,134,158,164,170,156,160,164,170,156,159,150,213,147,215,226,147,223,226,214,212,223,147,233,176,213,206,220,208,160,222,174,147,220,217,147,233,175,155,155,163,158,164,163,156,160,164,163,156,147,87,88,116,91,35,86,142,184,124,109,154,20,194,165,194,75,60,60,60,110,125,130,75,105,130,65,85,105,130,65,75,60,105,110,85,105,110,65,65,20,109,154,104,155,20,94,59,129,69,165,179,184,174,129,154,119,90,99,124,89,174,60,194,87,87,9,86,86,86,129,240,233,44,51,45,222,233,23,44,29,28,23,51,233,29,40,39,53,44,243,38,50,51,38,40,29,241,39,240,233,44,51,45,240,241,240,240,245,241,43,28,51,38,87,87,114,86,86,86,139,190,203,201,200,138,139,198,201,213,211,198,146,205,119,131,127,123,125,198,201,213,211,198,146,212,119,189,138,138,127,140,131,139,141,138,132,132,135,132,132,139,139,134,138,138,138,131,129,141,123,139,135,123,87,87,121,86,86,86,127,96,94,97,104,109,100,104,109,96,96,101,97,97,97,104,109,94,112,96,100,112,96,94,97,104,109,100,104,109,96,96,101,97,97,104,103,94,104,108,96,100,87,87,247,86,86,86,170,230,234,222,227,223,223,233,235,230,225,230,222,224,223,237,226,237,222,222,227,223,223,233,232,231,224,237,222,226,237,222,227,223,223,233,233,234,224,230,236,222,226,230,236,222,50,240,29,36,41,215,30,242,223,223,230,224,230,239,222,226,230,239,222,227,216,25,215,27,36,215,35,36,24,22,35,215,45,242,25,80,30,82,226,87,87,23,86,86,86,148,0,80,55,254,253,55,13,83,63,63,63,71,64,70,78,62,66,70,78,62,64,63,70,78,66,70,78,62,62,55,11,255,250,5,55,13,82,13,64,63,63,73,74,77,65,70,62,64,63,70,75,66,70,75,62,62,55,250,5,251,80,55,87,86,30,86,86,86,134,128,121,135,123,91,145,146,144,135,140,133,76,129,134,127,144,70,148,71,62,131,140,130,89,62,144,131,146,147,144,140,62,146,127,128,138,131,76,129,141,140,129,127,146,70,128,71,62,87,88,177,103,71,86,157,102,255,85,106,89,106,106,89,89,89,89,242,88,225,140,71,106,174,71,106,140,89,242,105,174,242,105,106,106,157,89,89,89,225,140,20,106,174,20,106,140,89,242,242,174,242,242,106,106,157,89,89,89,225,140,242,242,106,174,242,242,106,140,89,242,3,174,242,3,106,106,87,87,112,86,86,86,145,137,102,185,207,207,198,132,159,199,205,180,131,165,126,132,210,138,164,213,184,196,175,203,204,203,190,127,144,125,144,171,192,130,174,197,126,150,211,136,171,192,130,174,197,126,150,211,136,155,179,140,136,210,197,202,207,196,201,203,87,87,122,86,86,86,133,160,98,99,158,161,157,155,158,90,165,111,98,98,98,107,103,104,101,107,107,99,95,107,107,99,101,98,107,104,95,107,104,99,99,117,158,161,157,155,158,90,156,111,181,108,108,109,87,87,187,86,86,86,172,159,163,163,170,170,165,170,162,164,163,173,170,158,173,170,162,162,159,163,163,179,164,178,162,158,178,162,159,163,163,170,170,164,170,178,162,158,170,178,162,159,170,167,159,173,171,168,110,180,89,96,109,155,98,174,163,163,170,164,170,167,162,158,170,167,162,159,156,93,155,87,96,155,95,96,92,90,95,155,105,174,93,148,98,142,158,87,86,43,86,86,86,150,150,102,75,148,145,75,161,103,91,75,159,147,144,153,75,161,104,161,86,83,83,93,96,97,85,92,84,86,83,92,100,88,92,100,84,84,75,144,153,143,102,75,141,134,148,136,104,158,159,157,148,153,146,89,142,147,140,157,83,161,84,75,144,153,87,87,178,86,86,86,171,142,189,210,132,143,126,127,132,136,210,126,147,148,134,143,200,149,137,136,149,147,126,202,148,203,210,143,136,142,203,202,203,203,198,202,144,127,136,149,126,139,137,136,202,203,134,137,149,147,134,210,141,183,202,202,202,196,196,194,205,191,203,199,191,203,205,202,190,199,190,203,203,189,134,137,149,147,134,210,148,183,125,202,202,193,87,87,220,86,86,86,160,8,3,13,6,5,1,13,6,5,0,4,4,6,9,3,21,5,1,21,5,0,20,11,81,19,54,63,74,252,69,17,4,4,4,13,3,9,5,1,9,5,3,4,10,11,1,10,11,5,5,0,251,58,252,56,63,252,64,63,59,61,64,252,70,17,58,51,69,49,1,67,19,252,69,87,87,184,86,86,86,130,90,152,106,180,160,160,160,168,159,171,161,165,171,161,159,160,166,169,165,166,169,161,161,152,108,96,93,98,152,106,181,106,159,160,160,166,173,170,158,169,161,159,160,169,87,88,32,89,1,86,156,185,167,179,185,155,155,128,79,106,76,209,128,70,49,91,55,215,121,124,118,91,106,85,170,73,88,67,118,152,130,155,128,79,106,76,209,128,118,79,124,127,118,106,128,124,67,70,100,79,170,73,109,106,73,67,124,152,70,155,128,79,106,76,155,152,155,155,152,152,152,87,88,39,107,147,86,138,44,174,44,44,132,216,44,44,132,195,111,111,44,174,86,132,216,86,132,195,111,111,44,153,44,132,174,111,44,212,216,44,212,132,132,132,249,249,199,249,3,66,70,28,3,199,171,28,162,234,166,11,87,86,58,86,86,86,146,141,147,138,131,169,138,169,131,125,148,117,90,158,169,90,166,169,157,155,166,90,133,135,153,166,159,180,141,180,125,106,164,119,137,170,112,124,175,108,148,161,98,137,170,112,124,175,108,148,161,98,153,129,102,98,160,175,168,157,174,87,88,42,97,249,86,136,173,239,228,226,237,206,239,107,85,206,138,195,201,226,226,69,58,135,248,69,237,3,226,69,80,25,69,80,237,237,179,206,239,107,85,206,138,96,201,115,226,226,69,146,58,248,69,237,3,226,87,86,107,86,86,86,135,156,159,152,156,159,148,148,151,147,147,157,156,162,150,161,148,152,161,148,151,147,147,157,157,157,149,156,148,150,147,156,162,152,156,162,148,148,151,147,147,157,157,158,149,156,148,150,147,156,87,87,145,86,86,86,157,100,108,96,100,104,104,109,105,105,105,95,97,101,102,89,104,108,89,104,102,105,95,97,108,95,97,104,104,109,105,105,105,95,96,98,102,96,98,104,108,96,98,104,102,105,98,108,98,104,104,109,105,105,105,95,97,99,102,96,98,104,108,96,98,104,102,105,94,108,94,104,87,87,174,86,86,86,164,199,202,198,198,192,190,182,201,191,196,199,203,191,196,199,123,185,148,141,128,206,135,187,198,198,191,201,191,196,199,203,191,196,199,202,209,144,206,146,141,206,138,141,145,143,138,206,132,187,144,89,135,91,203,137,185,206,135,148,206,132,186,198,198,190,200,191,199,201,198,192,193,203,192,193,199,199,206,87,87,233,86,86,86,151,61,81,76,83,9,59,4,59,14,17,17,247,252,251,14,248,246,16,20,248,246,16,9,76,83,77,254,9,71,30,80,36,4,54,61,55,80,83,74,19,70,81,72,55,17,59,16,9,76,83,77,254,9,55,76,61,60,55,83,9,61,72,71,85,76,87,88,207,105,113,86,172,57,40,12,249,40,2,107,199,21,218,47,78,249,59,218,199,218,218,19,199,97,126,249,40,107,154,12,249,199,218,211,12,40,2,211,47,192,86,199,199,114,209,209,237,114,218,0,199,114,171,38,114,171,218,218,48,211,12,40,2,211,47,21,86,240,199,199,133,95,0,247,218,38,247,218,19,199,199,199,114,114,0,114,10,218,38,87,88,25,99,27,86,136,150,254,46,72,33,241,98,241,46,46,85,33,33,163,254,59,150,46,72,33,150,202,98,150,202,46,46,114,24,71,188,227,185,110,50,33,33,150,59,150,46,72,33,150,228,98,150,228,46,46,87,88,0,103,71,86,139,236,83,130,32,164,95,32,44,95,147,113,44,32,214,13,130,11,249,45,253,27,235,32,249,198,32,214,252,168,168,48,219,65,65,185,253,65,65,185,32,180,232,181,78,32,214,13,214,219,168,168,82,133,87,86,35,86,86,86,158,89,77,84,76,78,75,87,80,87,76,76,67,136,145,135,94,67,133,126,140,128,96,150,151,149,140,145,138,81,134,139,132,149,75,153,76,67,136,145,135,94,67,149,136,151,152,149,145,67,151,132,133,143,136,81,134,146,145,134,132,151,75,133,76,67,136,145,135,76,75,76,76,87,86,212,86,86,86,174,252,69,30,40,24,33,12,33,24,66,71,53,68,22,252,252,5,6,255,9,1,9,253,253,0,244,74,78,42,36,68,11,28,36,35,39,9,36,51,4,25,78,253,15,244,72,53,35,75,23,40,39,45,36,29,67,36,67,29,23,46,17,31,33,51,64,57,78,39,78,23,4,62,244,57,66,56,222,72,53,35,75,23,40,39,45,36,29,87,86,235,86,86,86,177,90,59,90,52,46,69,25,62,84,101,80,11,40,11,58,91,33,45,96,29,69,82,19,58,91,33,45,96,29,69,82,19,74,50,23,19,81,96,89,78,95,84,90,89,19,20,87,90,78,76,87,11,86,40,19,19,33,34,21,28,20,22,19,28,27,24,28,27,20,20,38,87,90,78,76,87,11,77,40,102,28,32,29,23,19,19,28,30,32,22,29,87,86,183,86,86,86,167,224,228,233,224,227,232,238,233,227,223,223,232,238,237,226,232,238,224,228,232,238,224,227,223,223,232,232,238,225,232,224,226,223,232,236,228,232,236,224,224,52,242,29,38,41,215,32,244,223,223,223,232,226,237,224,228,237,224,226,223,233,232,228,233,232,224,224,227,218,25,215,27,38,215,35,38,26,24,35,215,45,87,86,102,86,86,86,139,163,200,193,207,195,147,209,161,134,207,204,134,220,162,142,142,142,150,145,151,153,143,147,151,153,143,145,142,151,159,147,151,159,143,143,134,218,206,203,212,134,220,163,220,145,142,142,152,155,156,144,151,143,87,88,223,99,27,86,144,14,231,196,40,196,244,244,127,0,117,243,222,127,217,126,52,152,248,182,195,169,52,117,26,53,230,39,204,169,231,221,244,127,0,117,243,222,127,169,0,195,208,169,117,127,195,204,217,91,0,53,230,130,117,230,204,195,231,87,87,183,86,86,86,168,89,158,151,90,101,91,158,159,158,158,163,159,93,106,101,88,107,94,100,101,159,158,99,100,88,86,99,151,96,178,159,159,169,167,166,161,166,158,160,159,166,167,162,166,167,158,158,176,99,100,88,86,99,151,89,178,112,159,159,170,170,161,166,158,160,159,166,166,162,166,166,158,158,163,159,159,171,173,161,166,158,160,87,87,227,86,86,86,145,251,21,21,246,21,21,250,250,247,251,251,17,15,252,18,11,250,246,18,11,250,70,12,65,56,85,3,58,6,251,251,251,18,252,18,17,250,246,18,17,250,252,251,21,21,246,21,21,250,250,247,4,69,3,63,56,3,55,56,87,88,218,91,35,86,123,201,191,246,122,40,11,196,161,231,171,187,241,1,122,231,216,122,40,6,162,162,202,172,207,167,177,162,207,212,187,207,212,167,167,122,30,226,87,86,151,86,86,86,159,252,5,183,13,212,13,194,191,191,191,201,204,205,194,200,207,192,196,200,207,192,194,191,200,201,196,200,201,192,192,183,252,5,251,210,183,249,242,0,244,212,10,11,9,0,5,254,197,250,255,248,9,191,13,192,183,252,5,251,210,183,9,252,11,12,9,5,183,11,248,249,3,252,87,87,156,86,86,86,139,190,123,127,126,123,125,136,196,122,197,188,121,126,120,197,196,197,197,196,196,196,205,195,205,212,197,193,205,212,197,192,193,196,196,196,213,204,195,205,198,197,193,205,198,197,195,196,205,201,193,205,201,197,87,88,198,97,249,86,135,137,170,126,126,214,148,225,137,159,126,236,225,181,236,225,137,137,170,126,126,126,236,46,159,225,35,137,181,225,35,137,159,126,236,247,181,236,247,137,137,137,52,194,241,43,227,167,98,87,87,88,187,93,13,86,152,42,235,186,196,235,196,186,144,49,253,235,196,224,154,231,154,196,189,155,102,155,228,203,53,137,238,25,49,140,211,84,172,56,211,133,238,189,112,231,154,196,189,211,218,175,196,112,98,175,155,168,102,211,211,25,39,232,18,74,218,246,18,74,218,88,175,87,88,160,103,71,86,164,255,51,17,204,192,34,173,203,72,72,225,208,105,123,225,88,89,157,225,88,89,140,72,72,105,242,123,242,89,157,242,89,140,72,72,225,242,105,106,225,89,123,72,37,157,37,89,89,140,225,3,3,140,72,72,72,71,20,123,225,37,89,157,225,37,89,123,72,3,157,3,89,89,237,139,102,255,50,87,88,48,99,27,86,148,208,133,73,56,56,56,173,95,173,238,69,121,173,238,69,95,56,199,121,199,69,69,108,247,42,208,68,211,208,172,211,55,29,172,208,46,73,42,207,133,233,121,159,47,208,133,94,208,46,60,56,56,160,95,173,225,69,121,173,225,69,208,87,86,9,86,86,86,129,125,113,110,119,41,127,70,127,52,49,49,59,62,63,51,58,50,52,49,58,59,54,58,59,50,50,41,110,119,109,68,41,107,100,114,102,70,124,125,123,114,119,112,87,86,140,86,86,86,123,186,239,244,237,254,180,2,181,172,241,250,240,199,172,254,241,0,1,254,250,172,0,237,238,248,241,186,239,251,250,239,237,0,180,238,181,172,87,86,21,86,86,86,162,122,131,121,62,61,62,114,65,61,123,138,131,120,137,126,132,131,61,62,129,132,120,118,129,53,128,82,72,73,80,129,132,120,118,129,53,119,82,144,70,73,73,65,61,61,61,70,72,74,64,77,62,66,77,62,64,61,70,76,66,70,76,62,62,65,61,61,61,70,74,72,64,72,62,66,72,87,87,140,86,86,86,131,117,115,116,93,87,113,93,87,117,117,161,99,166,175,154,108,181,97,116,116,116,93,115,93,88,117,113,93,88,117,115,116,93,91,113,93,91,117,117,112,107,170,108,168,175,87,86,136,86,86,86,152,168,244,247,235,233,244,168,254,197,234,227,241,229,181,243,195,168,241,238,168,254,196,176,176,184,179,191,177,181,191,177,168,252,240,237,246,168,254,197,254,179,176,176,186,189,190,179,185,189,177,181,185,189,177,168,237,246,236,195,168,234,227,241,229,197,251,87,86,248,86,86,86,128,108,106,97,102,95,38,91,96,89,106,32,110,33,24,93,102,92,51,24,106,93,108,109,106,102,24,108,89,90,100,93,38,91,103,102,91,89,108,32,90,33,24,87,86,240,86,86,86,171,85,94,84,25,24,25,25,24,24,24,32,27,33,38,25,29,33,38,25,28,24,24,33,32,27,33,34,25,29,33,34,25,28,24,24,24,33,27,33,35,25,29,33,35,25,27,24,40,29,40,25,25,28,29,24,24,35,37,26,33,25,27,24,33,41,29,33,41,25,25,25,250,100,81,63,103,51,68,67,73,64,57,95,64,95,87,88,6,89,1,86,122,225,207,20,144,2,53,110,98,102,189,102,89,228,2,210,237,174,237,210,80,95,41,86,204,126,126,153,159,135,156,162,141,156,162,129,129,87,88,50,93,13,86,166,120,94,217,91,115,7,126,119,161,98,49,59,98,59,49,7,168,116,7,38,245,217,80,126,245,122,94,91,52,28,59,231,101,87,18,221,18,252,217,38,87,245,120,94,217,91,115,7,126,119,161,98,49,59,98,59,49,7,168,116,126,245,122,94,119,17,136,245,18,221,18,74,74,74,137,144,95,144,81,109,87,88,191,91,35,86,166,185,140,150,135,180,180,160,180,180,140,140,241,3,164,74,18,14,99,94,124,79,44,234,79,234,44,14,129,165,9,164,174,214,194,249,234,8,229,179,14,234,219,234,249,190,95,240,95,74,239,205,9,8,185,129,194,135,74,239,205,9,8,185,129,194,135,154,34,155,135,189,8,229,174,3,204,234,229,135,140,87,88,20,97,249,86,169,184,217,85,63,184,116,173,179,204,204,124,124,237,47,58,215,3,47,58,215,157,184,217,85,63,184,116,74,179,93,204,204,47,91,91,226,47,215,237,204,58,69,3,58,69,215,215,248,204,204,47,135,135,226,47,215,237,204,58,69,3,58,69,215,215,248,204,204,47,135,102,226,47,215,237,204,47,36,3,47,36,215,215,87,88,155,99,27,86,134,215,24,128,128,215,163,163,37,11,37,202,24,37,176,228,24,37,176,215,24,50,128,244,154,201,62,101,59,240,180,163,163,24,202,24,11,176,228,24,11,176,215,98,149,59,175,62,59,87,88,236,103,71,86,161,24,75,127,93,24,12,194,249,110,247,229,25,233,7,215,12,229,178,12,194,232,148,148,28,199,45,130,165,233,45,130,165,12,160,212,161,58,12,194,249,194,199,148,148,148,62,113,130,199,45,96,165,233,45,96,165,199,148,62,62,233,62,62,165,165,12,161,58,144,215,12,110,247,229,25,87,86,175,86,86,86,122,236,34,35,33,24,29,22,221,18,23,16,33,215,37,216,207,20,29,19,234,207,33,20,35,36,33,29,207,35,16,17,27,20,221,18,30,87,86,2,86,86,86,162,112,101,99,118,42,100,43,34,103,112,102,43,42,43,43,46,42,104,119,112,101,118,107,113,112,42,43,110,113,101,99,110,34,109,63,42,42,51,54,53,45,57,43,47,57,43,61,110,113,101,99,110,34,100,63,125,42,42,52,54,55,45,51,50,43,47,51,50,43,46,42,42,42,51,45,51,87,87,235,86,86,86,133,253,18,14,250,253,18,20,19,253,250,14,253,250,18,18,15,19,19,253,246,247,21,250,18,20,19,250,251,14,250,251,18,18,15,19,19,19,253,246,253,20,2,18,14,2,18,20,87,86,157,86,86,86,173,197,211,202,211,198,198,201,197,197,207,207,210,200,214,198,202,214,198,201,197,197,207,206,209,199,206,198,200,197,206,207,202,206,207,198,198,201,197,197,197,207,205,214,200,206,206,198,202,206,206,198,200,197,206,208,202,206,208,198,198,26,216,3,12,15,189,6,218,197,197,206,199,206,198,200,197,206,209,202,206,209,198,198,201,192,255,189,87,87,194,86,86,86,144,94,89,162,86,89,101,99,86,162,112,167,100,141,91,135,151,93,173,162,91,96,162,112,166,154,154,154,178,157,179,180,155,151,179,180,155,157,154,179,179,151,179,179,155,155,162,110,90,95,88,162,112,167,112,157,180,175,176,87,88,122,109,253,86,164,90,141,92,118,199,90,72,167,233,213,245,207,230,184,233,92,187,156,95,210,49,184,18,20,41,90,141,92,118,199,90,184,141,230,253,184,92,90,230,49,72,46,141,156,95,115,92,95,49,230,18,72,41,90,141,92,118,41,18,41,41,18,18,18,38,202,64,225,41,87,18,225,38,133,225,38,41,41,87,86,223,86,86,86,178,11,7,7,7,19,15,10,20,8,12,20,8,10,7,17,15,12,17,15,8,8,11,7,7,19,15,9,16,8,10,7,16,24,12,16,24,8,8,8,233,83,64,46,86,34,51,50,56,47,40,78,47,78,40,34,57,13,51,68,87,83,34,78,75,78,81,18,255,28,255,46,79,21,33,84,17,57,70,7,62,38,58,7,69,84,77,66,83,72,78,77,7,87,88,160,91,35,86,164,109,188,203,143,133,188,64,183,209,104,104,174,149,119,159,109,129,159,109,199,188,203,143,133,188,64,138,209,7,104,104,149,154,184,119,154,109,129,154,109,124,104,104,104,149,179,154,119,179,109,129,179,109,119,104,154,159,129,154,159,109,109,124,104,104,149,174,189,114,149,109,119,104,149,154,129,149,154,87,86,190,86,86,86,123,231,231,234,230,230,239,245,240,233,243,231,235,243,231,234,239,245,243,234,230,230,239,239,240,233,245,231,235,245,231,59,249,36,45,48,222,39,87,88,54,97,249,86,141,213,238,238,81,15,125,249,37,125,249,26,183,108,150,130,251,150,218,251,119,97,218,150,72,213,108,31,185,53,37,207,191,150,185,152,150,72,202,238,238,70,15,81,70,249,37,81,70,249,150,50,174,141,240,150,87,88,96,97,249,86,170,114,255,114,57,24,24,24,134,167,178,57,156,35,79,156,35,57,24,178,79,178,35,35,192,183,26,172,233,192,150,73,227,95,255,81,92,70,227,26,205,90,161,216,139,70,24,114,35,192,183,26,172,233,192,70,183,92,103,70,26,192,92,139,150,4,183,90,161,37,26,161,139,92,24,150,35,192,183,26,172,35,24,35,95,87,88,156,105,113,86,156,224,148,46,75,198,245,56,103,217,198,148,167,160,217,245,207,160,252,141,35,148,148,148,120,177,205,177,167,243,177,167,205,148,82,82,243,82,82,167,167,253,160,217,245,207,160,252,226,35,189,63,139,177,224,63,120,196,224,148,148,63,158,158,186,63,167,205,148,215,243,87,88,49,89,1,86,172,220,172,172,168,226,99,126,135,145,108,232,169,169,169,196,178,196,202,172,184,196,202,172,178,169,196,208,184,196,208,172,172,181,154,87,145,93,126,145,117,126,90,84,117,145,147,232,87,66,108,72,184,114,226,145,108,99,145,147,229,169,169,193,175,196,172,178,169,202,184,202,172,172,145,141,105,96,123,145,147,232,147,178,169,169,199,87,86,139,86,86,86,156,192,193,182,192,180,184,192,180,171,240,249,239,198,171,237,230,244,232,200,254,255,253,244,249,242,185,238,243,236,253,179,1,180,171,240,249,239,198,171,253,240,255,0,253,249,171,255,236,237,247,240,185,238,250,249,238,236,255,179,237,180,171,240,249,239,180,179,180,180,179,87,88,35,105,113,86,125,198,103,27,27,198,65,198,46,84,27,236,122,236,46,46,103,198,46,225,225,131,225,39,96,124,86,39,131,28,58,20,238,124,181,181,75,219,30,18,87,88,168,103,71,86,149,58,25,147,200,76,7,200,212,7,59,25,212,200,212,113,94,128,43,78,145,25,60,25,110,10,181,231,24,62,10,109,250,162,127,80,247,95,179,80,110,109,246,59,92,161,7,246,80,97,212,7,59,25,212,200,195,181,250,250,233,147,212,7,87,88,139,97,249,86,138,204,182,47,235,193,42,212,188,243,111,67,67,232,210,89,166,78,100,67,166,166,122,166,166,78,78,111,67,67,67,243,155,100,221,78,122,221,78,100,67,166,243,122,166,243,78,78,111,67,67,243,166,87,87,33,86,86,86,147,54,80,84,56,60,80,84,56,61,57,57,57,83,79,54,85,56,60,85,56,54,57,78,60,78,56,56,61,57,57,82,84,54,85,56,60,85,56,61,57,57,83,85,55,80,56,54,57,80,73,60,80,73,56,56,61,57,57,83,83,54,87,87,58,86,86,86,146,45,35,31,45,35,239,53,216,225,236,26,227,47,34,34,43,36,43,35,37,34,43,38,31,43,38,35,35,30,29,220,26,214,225,26,222,225,221,219,222,26,232,47,220,21,227,15,31,229,53,26,227,216,26,232,46,34,34,34,42,87,88,44,89,1,86,127,173,194,167,179,194,167,173,164,215,179,215,167,167,140,136,100,91,118,140,142,227,142,173,164,164,194,203,206,173,191,206,167,179,191,206,167,140,91,118,88,221,87,86,133,86,86,86,160,165,231,224,238,226,194,248,249,247,238,243,236,179,232,237,230,247,173,251,174,165,234,243,233,192,165,247,234,249,250,247,243,165,249,230,231,241,234,179,232,244,243,232,230,249,173,231,174,165,234,243,233,174,173,174,226,177,173,235,250,243,232,249,238,244,243,173,174,241,244,232,230,241,165,87,87,189,86,86,86,124,98,176,165,165,165,180,170,162,172,168,164,160,172,168,164,162,165,172,172,160,172,172,164,164,178,97,94,90,92,97,157,91,176,114,165,165,171,173,87,87,198,86,86,86,131,153,176,151,175,177,174,151,159,179,151,159,175,175,178,174,174,151,159,154,177,151,150,175,179,151,150,175,178,174,174,152,151,152,177,151,156,175,179,151,156,175,99,161,108,117,87,87,44,86,86,86,174,250,76,21,65,84,84,61,82,61,85,83,84,55,81,55,85,85,80,75,10,76,8,15,76,16,15,11,13,16,76,246,65,10,227,21,225,81,19,67,76,21,6,76,246,64,84,84,60,83,61,61,85,81,61,61,85,76,248,20,9,14,76,246,65,246,83,84,84,58,57,54,82,61,85,83,84,57,81,57,85,85,76,9,14,8,67,76,10,87,86,151,86,86,86,164,242,0,244,212,10,11,9,0,5,254,197,250,255,248,9,191,13,192,183,252,5,251,210,183,9,252,11,12,9,5,183,11,248,249,3,252,197,250,6,5,250,248,11,191,249,192,183,252,5,251,192,191,192,192,191,8,225,235,219,228,207,228,219,5,10,248,7,217,191,191,200,199,194,207,201,196,207,201,87,87,27,86,86,86,171,66,66,63,59,9,21,233,235,11,72,227,235,224,236,70,235,240,75,214,21,66,84,59,220,254,4,2,252,249,249,83,3,18,70,13,250,78,255,82,233,243,236,217,242,250,231,250,249,221,59,246,1,247,37,220,254,4,2,252,249,249,83,3,18,70,13,250,65,236,2,21,246,59,78,59,224,11,73,221,6,77,245,248,67,224,87,88,37,97,249,86,131,245,119,251,44,75,3,146,221,58,50,9,221,135,44,223,102,33,168,234,223,221,232,201,234,102,80,201,133,190,196,221,221,64,64,152,254,64,108,232,20,64,108,232,174,201,87,88,143,109,253,86,169,136,116,70,67,111,93,10,156,39,39,13,223,59,108,246,13,62,154,246,13,62,131,39,39,246,151,128,108,246,82,62,154,246,82,62,131,39,39,39,13,13,59,108,246,59,62,154,246,59,62,108,39,246,128,154,246,128,62,62,131,39,39,13,13,151,85,246,62,108,39,151,154,151,62,62,131,39,39,246,105,174,108,246,87,86,18,86,86,86,169,69,59,63,67,69,59,143,77,120,129,132,50,123,79,67,62,53,116,50,118,129,50,126,129,117,115,126,50,136,79,116,109,123,111,63,125,77,50,123,120,50,136,78,66,50,134,122,119,128,50,136,79,136,61,58,58,68,71,72,61,67,67,59,63,67,67,59,50,119,128,118,77,50,116,109,123,111,79,133,134,132,123,128,87,87,253,86,86,86,154,22,223,26,37,28,43,229,39,228,221,24,31,25,242,221,43,24,41,40,43,31,221,41,28,27,33,24,223,26,30,31,26,28,41,229,27,228,221,24,31,25,228,229,228,228,225,229,23,40,31,26,41,36,30,31,229,228,33,30,26,28,33,221,34,240,229,229,236,87,86,176,86,86,86,159,226,229,218,225,217,219,216,225,224,221,225,224,217,217,235,28,31,19,17,28,208,18,237,43,216,216,226,226,231,219,226,217,221,226,217,220,216,216,226,227,233,218,225,217,219,216,225,230,221,225,230,217,217,220,216,216,226,227,230,218,225,217,219,216,225,229,221,225,229,217,217,220,216,87,87,247,86,86,86,149,223,223,233,232,235,224,232,222,226,232,222,224,223,230,232,226,230,232,222,222,227,223,223,223,233,231,235,224,230,239,222,226,230,239,222,224,223,230,234,226,230,234,222,222,227,223,223,233,233,236,224,237,222,226,237,222,227,223,223,223,233,233,236,87,88,173,103,71,86,148,136,33,102,170,33,102,136,85,118,170,118,102,102,153,85,85,85,255,33,221,136,238,16,102,170,238,16,102,136,85,255,221,170,255,221,102,102,153,85,85,255,255,67,119,238,102,136,85,84,170,84,102,102,153,85,85,255,33,238,119,238,102,87,86,245,86,86,86,127,32,29,40,34,40,30,30,114,48,91,100,103,21,94,50,29,29,38,31,38,30,32,29,38,41,34,38,41,30,30,33,24,87,21,89,100,21,97,100,88,86,87,87,233,86,86,86,173,85,9,59,4,71,30,80,36,20,78,254,9,80,75,9,59,5,17,17,249,15,248,16,14,17,248,249,20,248,249,16,16,9,61,81,76,83,9,59,4,59,14,17,17,247,252,251,15,248,16,14,17,253,20,253,16,16,9,76,83,77,254,9,71,30,80,36,4,54,61,55,80,83,74,19,70,81,72,55,17,59,16,9,76,83,77,254,87,86,118,86,86,86,157,150,232,219,234,235,232,228,150,234,215,216,226,219,164,217,229,228,217,215,234,158,216,159,150,219,228,218,159,158,159,159,158,172,166,162,158,158,168,174,160,167,159,161,158,167,169,163,167,169,159,159,159,128,185,227,225,223,217,220,220,174,222,239,171,232,215,164,198,229,233,223,87,88,122,89,1,86,176,214,181,199,196,218,49,218,103,202,28,64,217,16,136,175,242,151,79,139,242,172,217,196,163,214,181,199,196,242,245,190,199,163,157,190,218,187,49,242,242,37,37,251,28,245,1,28,245,43,190,199,163,157,190,218,160,49,235,242,242,242,13,34,22,251,13,31,245,1,13,31,245,251,242,13,13,1,13,13,245,245,254,242,242,242,13,28,31,251,34,87,87,171,86,86,86,126,210,206,195,210,212,211,186,194,206,186,194,210,210,207,211,211,189,187,183,213,186,210,212,211,195,206,195,210,210,207,211,211,189,187,195,212,184,210,206,184,87,86,177,86,86,86,161,218,221,217,217,226,229,234,220,226,227,218,222,226,227,218,46,236,23,32,35,209,26,238,217,217,226,220,226,228,218,222,226,228,218,221,212,19,209,21,32,209,29,32,20,18,29,209,39,238,19,12,26,14,222,28,236,209,26,23,209,39,237,217,217,225,219,226,218,220,217,227,226,222,227,226,87,87,107,86,86,86,122,146,146,139,183,211,198,209,139,185,126,185,148,147,147,147,125,118,121,148,122,118,146,142,122,118,146,148,147,131,142,131,146,146,139,198,209,87,86,201,86,86,86,171,45,4,233,43,36,50,38,6,60,61,59,50,55,48,247,44,49,42,59,241,63,242,233,46,55,45,4,233,59,46,61,62,59,55,233,61,42,43,53,46,247,44,56,55,44,42,61,241,43,242,233,46,55,45,242,241,242,38,245,241,47,62,55,44,61,50,56,55,241,242,53,56,44,42,53,233,52,6,241,241,253,249,244,2,242,87,86,28,86,86,86,125,73,85,69,87,136,139,127,125,136,60,126,89,151,68,68,77,81,76,70,77,69,71,68,78,77,73,78,77,69,69,72,68,68,68,77,80,77,71,85,87,86,240,86,86,86,158,25,29,41,25,27,24,36,29,36,25,25,28,33,37,41,109,43,86,95,98,16,89,45,24,24,33,27,41,25,29,41,25,28,19,82,16,84,95,16,92,95,83,81,92,16,102,45,82,75,89,77,29,91,43,16,89,86,16,102,44,24,24,32,27,36,25,29,36,25,16,100,88,87,86,227,86,86,86,140,72,81,3,89,32,89,14,11,11,11,21,24,25,14,20,27,12,16,20,27,12,14,11,21,21,16,21,21,12,12,3,72,81,71,30,3,69,62,76,64,32,86,87,85,76,81,74,17,70,75,68,85,11,89,87,86,179,86,86,86,142,220,211,24,33,23,238,211,37,24,39,40,37,33,211,39,20,21,31,24,225,22,34,33,22,20,39,219,21,220,211,24,33,23,220,219,220,220,219,219,219,228,222,234,220,224,234,220,223,224,219,219,234,227,222,235,220,87,88,109,99,27,86,176,182,69,130,169,117,117,117,234,156,17,130,182,17,130,156,117,247,4,182,247,4,130,130,169,182,117,117,4,30,156,4,130,182,4,130,130,239,212,246,220,194,116,155,155,69,181,146,30,55,90,195,177,142,133,81,13,134,13,42,47,177,225,86,69,86,225,3,68,90,29,199,117,117,234,17,156,234,234,182,234,234,130,130,239,212,246,220,194,116,155,87,88,107,97,249,86,143,205,211,227,158,178,81,150,101,65,150,172,4,216,81,48,114,37,183,76,48,15,48,81,156,203,10,203,208,59,189,65,114,145,73,216,35,208,59,189,65,114,145,73,216,35,128,120,79,35,205,114,37,172,103,238,48,37,87,86,8,86,86,86,126,48,49,116,119,107,105,116,40,115,69,57,57,58,67,116,119,107,105,116,40,106,69,131,57,63,65,52,48,48,48,58,58,59,51,63,49,53,63,49,51,87,87,23,86,86,86,175,63,79,66,79,62,62,67,63,63,73,73,71,65,70,62,64,63,70,79,66,70,79,62,62,67,73,73,72,67,63,63,73,73,77,65,70,62,64,63,70,75,66,70,75,62,62,67,63,63,63,70,77,72,64,72,62,66,72,62,64,63,78,66,78,62,62,18,80,253,4,9,55,254,82,63,63,70,64,70,70,62,66,70,70,62,67,56,249,55,87,87,147,86,86,86,156,175,168,115,167,168,180,178,167,115,161,86,181,188,170,182,102,172,92,115,170,177,115,161,87,107,107,99,108,100,106,102,100,106,115,159,171,174,169,115,161,86,161,108,107,107,101,94,97,108,97,106,102,97,106,115,174,169,175,92,115,181,188,170,182,86,164,159,165,170,169,87,88,227,89,1,86,159,24,109,12,27,6,57,91,69,94,67,18,45,15,148,67,57,18,63,66,57,45,67,63,6,9,39,18,109,12,48,45,12,6,63,91,9,94,67,18,45,15,94,91,94,94,103,91,21,66,45,12,63,30,48,45,91,94,39,48,12,6,39,67,36,154,91,91,118,139,100,118,127,94,87,88,189,99,27,86,144,6,58,97,210,188,57,96,196,170,57,93,183,214,252,197,197,58,71,45,223,58,210,236,197,58,110,6,58,110,210,210,249,197,197,197,58,84,71,236,58,123,210,6,58,123,210,236,197,136,6,136,210,210,249,197,197,58,71,87,86,179,86,86,86,125,236,221,228,220,222,219,231,224,231,220,220,223,219,219,228,229,234,221,228,220,222,219,228,227,224,228,227,220,220,223,219,219,228,227,227,221,228,220,222,87,87,181,86,86,86,170,205,193,200,193,204,204,201,205,205,189,188,203,196,204,202,205,196,190,200,196,190,204,204,201,205,205,189,193,203,196,204,202,205,188,200,188,204,204,120,186,143,134,131,213,140,184,205,205,205,196,202,196,195,204,200,196,195,204,202,205,196,192,200,196,192,204,204,201,210,147,213,145,134,213,137,134,146,148,137,213,127,184,147,90,87,86,108,86,86,86,136,213,201,153,215,167,140,213,210,140,226,168,148,148,156,150,157,149,151,148,157,162,153,157,162,149,149,140,224,212,209,218,140,226,169,226,151,148,148,158,161,162,150,157,149,151,148,159,153,159,149,87,86,202,86,86,86,169,243,234,47,56,46,5,234,44,37,51,39,7,61,62,60,51,56,49,248,45,50,43,60,242,64,243,234,47,56,46,5,234,60,47,62,63,60,56,234,62,43,44,54,47,248,45,57,56,45,43,62,242,44,243,234,47,56,46,243,242,243,243,242,242,242,250,244,251,243,245,242,251,3,247,251,3,243,243,246,242,242,242,251,87,87,57,86,86,86,171,42,41,30,40,49,32,36,40,49,32,30,33,40,40,36,40,40,32,32,37,39,44,44,32,63,246,228,222,224,214,219,219,49,225,240,44,231,216,35,13,220,241,237,246,226,229,226,231,38,25,52,25,2,233,43,247,236,39,15,218,33,2,233,43,247,236,39,15,218,33,18,250,37,33,219,236,227,214,237,224,226,227,33,32,229,87,86,197,86,86,86,159,52,40,38,49,229,48,2,237,237,246,245,245,239,246,238,240,237,253,242,253,238,238,0,49,52,40,38,49,229,39,2,64,237,237,237,246,251,252,240,251,238,242,251,238,240,237,246,254,242,246,254,238,238,241,247,246,246,241,237,237,247,245,253,239,246,238,240,237,253,242,253,238,238,87,86,128,86,86,86,156,172,168,168,168,178,177,177,171,177,182,169,173,177,182,169,171,168,183,173,183,169,169,172,168,168,178,177,180,171,177,176,169,173,177,176,169,172,168,168,168,177,181,177,171,179,169,173,179,169,171,168,177,182,173,177,182,169,169,253,187,230,239,242,160,233,189,177,172,163,226,87,87,218,86,86,86,160,250,54,65,250,62,65,61,59,62,250,72,15,60,53,67,47,255,69,21,250,67,56,250,72,14,2,2,10,5,11,9,3,255,11,9,3,250,70,66,55,64,250,72,15,72,5,2,2,12,7,8,4,11,3,5,2,11,8,255,11,8,3,3,250,55,64,54,21,250,60,53,67,47,15,87,87,135,86,86,86,131,152,155,153,174,181,172,117,168,175,166,153,111,157,110,103,170,181,171,96,103,153,170,155,154,153,181,103,155,166,169,179,170,117,168,180,181,168,166,155,111,169,110,103,170,181,87,87,250,86,86,86,128,22,227,226,227,227,222,226,24,39,32,29,38,35,33,32,226,227,30,33,29,27,30,218,37,239,226,226,237,231,228,235,227,229,226,243,223,243,227,227,245,30,33,87,87,246,86,86,86,142,25,23,34,214,24,243,49,222,222,231,234,235,224,231,223,225,222,232,233,227,232,233,223,223,226,222,222,231,233,236,225,236,223,227,236,223,226,222,222,222,231,235,234,225,231,231,223,227,231,231,223,225,222,231,234,227,87,87,5,86,86,86,152,244,241,220,220,40,234,31,22,51,229,28,232,244,217,226,35,229,33,22,229,25,22,34,36,25,229,47,232,35,74,28,72,216,26,234,229,28,31,229,47,233,221,221,245,219,244,220,218,221,239,216,239,220,220,229,49,29,32,23,229,47,232,47,218,221,221,87,88,28,105,113,86,129,210,11,30,77,191,210,39,115,191,210,39,124,155,70,136,125,124,98,221,231,3,163,165,184,146,231,70,193,134,117,212,79,146,20,222,39,124,155,70,136,125,124,146,87,86,251,86,86,86,124,96,111,112,109,105,27,111,92,93,103,96,41,94,106,105,94,92,111,35,93,36,27,96,105,95,36,35,36,36,35,35,35,44,37,44,36,38,35,87,86,120,86,86,86,131,169,174,165,169,174,161,161,164,160,160,169,162,169,161,163,160,169,171,165,169,171,161,161,164,160,160,160,169,163,174,161,165,174,161,163,160,177,165,177,161,161,161,130,130,187,87,88,26,97,249,86,136,201,179,157,91,124,124,130,146,77,97,0,69,20,105,223,33,11,113,240,33,22,22,223,212,53,251,190,157,91,179,152,251,223,212,212,113,91,22,210,124,33,212,91,22,157,223,212,210,221,136,87,86,118,86,86,86,145,150,150,150,150,223,220,150,233,219,234,217,226,223,230,216,229,215,232,218,150,234,222,219,228,128,150,150,150,150,150,150,150,150,197,230,172,184,235,168,208,221,158,213,189,162,158,220,235,228,217,234,223,229,228,158,159,226,229,217,87,87,160,86,86,86,126,129,124,192,119,205,184,184,206,209,207,183,209,208,185,189,209,208,185,199,124,123,127,129,124,192,126,205,135,184,184,211,206,183,200,185,189,200,185,188,184,87,86,30,86,86,86,156,70,83,86,73,82,71,75,82,71,74,85,81,74,70,70,83,84,73,79,82,71,75,79,82,71,74,84,83,74,84,80,74,70,70,84,87,73,79,79,71,75,79,79,71,74,70,70,70,83,83,73,79,85,71,75,79,85,71,73,70,79,82,75,79,82,71,71,74,70,70,87,88,10,93,13,86,168,34,132,146,55,97,90,41,69,97,90,41,55,34,104,90,69,104,90,41,41,62,34,34,125,118,48,97,41,55,34,111,69,111,41,41,62,139,97,62,34,34,125,139,55,132,41,69,132,41,117,167,212,19,40,234,233,181,34,34,97,55,125,41,69,125,41,62,255,184,234,198,19,234,254,19,191,177,254,234,68,181,184,87,87,38,86,86,86,127,225,15,227,83,17,65,70,15,12,70,252,66,78,78,54,80,55,79,81,78,58,83,58,79,79,70,250,14,11,20,70,252,67,252,81,78,78,56,59,60,80,87,88,162,103,71,86,171,227,91,125,74,244,5,159,244,5,91,91,194,87,240,70,141,194,36,173,155,207,175,69,86,52,155,240,121,176,53,138,19,52,74,120,91,194,87,240,70,141,194,52,87,86,103,52,240,194,86,19,36,206,87,176,53,1,240,53,19,86,74,36,91,194,87,240,70,91,74,91,91,74,86,19,225,137,21,54,37,139,242,123,1,242,87,88,40,109,253,86,131,33,183,45,62,74,180,59,240,148,215,14,8,8,8,8,8,8,8,8,45,243,197,151,13,82,82,48,128,7,235,102,223,74,180,59,240,148,8,163,8,79,206,180,68,19,87,87,181,86,86,86,131,189,104,113,135,130,148,133,115,205,205,196,192,202,191,194,200,191,194,204,204,171,213,213,213,213,144,137,130,144,171,213,213,213,213,213,213,213,213,129,148,102,126,114,97,98,87,88,109,91,35,86,177,42,253,218,152,253,152,218,188,47,143,188,82,157,177,182,167,102,203,152,92,182,172,53,58,159,13,13,13,13,13,13,13,13,248,157,123,183,182,103,47,112,53,248,157,123,183,182,103,47,112,53,72,208,73,53,107,182,147,92,177,122,152,147,53,58,137,152,92,82,137,13,132,158,53,53,53,123,118,68,98,98,58,78,98,98,58,68,53,103,108,78,87,87,213,86,86,86,150,163,162,172,172,154,105,102,114,116,105,181,115,152,90,164,157,164,169,173,173,164,159,163,171,164,172,170,173,164,163,168,164,163,172,172,169,173,173,164,157,165,171,164,172,170,173,164,156,168,164,156,172,172,169,173,173,173,164,158,163,170,161,172,168,87,86,198,86,86,86,143,250,239,241,238,247,254,243,247,254,239,239,67,1,44,53,56,230,47,3,238,238,247,240,247,239,241,238,249,243,249,239,239,242,233,40,230,42,53,230,50,53,41,39,50,230,60,3,40,33,47,35,243,49,1,230,47,44,87,86,165,86,86,86,137,197,27,225,213,197,25,13,10,19,197,27,226,27,208,215,218,219,197,10,19,9,224,197,7,0,14,2,226,24,25,23,14,19,12,211,8,13,6,23,205,27,206,197,10,19,9,224,197,23,10,25,87,87,190,86,86,86,167,115,112,92,158,114,95,96,90,99,156,97,93,92,97,95,114,150,96,151,158,99,92,98,151,150,151,151,154,150,100,115,92,97,114,87,93,92,150,151,90,93,97,95,90,158,89,171,150,150,175,178,174,152,175,151,153,150,166,155,166,151,151,169,90,93,97,95,90,158,96,171,105,150,150,177,153,175,181,151,155,175,87,87,227,86,86,86,176,16,250,247,251,251,251,21,20,16,252,18,15,250,246,18,15,250,252,251,18,14,246,18,14,250,250,247,251,251,21,15,14,253,18,250,252,251,21,21,246,21,21,250,250,247,19,70,12,65,56,85,3,58,6,251,251,251,18,252,21,250,246,21,250,252,251,14,246,14,250,250,247,4,69,3,63,56,3,55,56,68,66,55,3,81,6,69,44,58,38,87,88,243,99,27,86,163,60,98,242,147,72,33,147,241,255,251,251,99,21,112,8,34,251,203,60,203,8,8,147,215,59,20,137,147,241,12,241,34,125,164,177,147,20,137,7,242,147,237,146,72,172,12,202,215,189,72,137,46,73,250,59,224,189,251,241,8,147,20,137,7,242,147,189,20,215,228,189,137,147,215,224,237,111,87,87,124,86,86,86,173,153,94,155,159,158,155,157,168,100,154,101,92,153,158,152,101,100,101,101,100,101,130,92,92,92,92,92,92,92,92,168,157,191,167,187,200,203,213,204,197,159,204,159,197,187,210,94,203,153,160,153,155,168,165,159,158,203,168,157,170,168,92,113,92,100,100,109,99,106,101,97,106,101,130,92,92,92,92,92,92,92,92,168,157,191,167,187,87,87,1,86,86,86,144,85,78,72,81,56,26,81,26,56,62,71,219,62,52,47,46,26,47,81,26,46,24,53,24,26,27,225,236,225,222,53,32,58,50,62,85,78,72,81,56,26,81,26,56,62,71,219,85,36,41,53,225,214,225,240,247,225,225,87,88,124,105,113,86,157,220,220,220,220,220,220,117,147,109,71,213,14,14,164,52,119,107,242,175,230,184,251,100,24,220,3,220,223,250,184,136,51,164,51,136,166,5,175,204,98,116,116,31,126,173,145,12,211,145,12,135,135,58,220,220,220,220,251,166,232,58,58,220,220,220,220,89,204,126,98,43,87,86,224,86,86,86,153,18,58,71,8,63,39,59,2,60,17,17,22,60,25,23,60,17,17,21,60,17,16,23,2,61,12,8,70,85,78,67,84,73,79,78,8,9,76,79,67,65,76,0,75,29,8,8,17,16,17,10,17,9,11,8,21,13,21,9,9,27,76,79,67,65,76,0,87,88,159,93,13,86,142,77,74,252,183,183,183,253,239,246,204,246,11,190,218,246,11,190,204,183,18,218,18,190,190,211,183,183,183,253,239,253,204,246,4,190,218,246,4,190,204,183,253,246,218,253,246,190,190,211,183,183,183,253,239,46,204,87,87,13,86,86,86,141,220,228,244,240,220,228,244,242,245,220,218,240,220,218,244,244,241,245,245,245,220,228,229,242,215,244,240,215,244,242,245,229,240,229,244,244,241,245,245,219,219,219,242,220,219,244,240,220,219,244,32,226,39,46,27,87,86,31,86,86,86,173,63,136,92,71,71,80,73,80,72,74,71,80,83,76,80,83,72,72,75,66,129,63,131,142,63,139,142,130,128,139,63,149,92,129,122,136,124,76,138,90,63,136,133,63,149,91,71,71,71,79,74,80,87,72,76,80,87,72,74,71,82,76,82,72,72,63,147,135,132,141,63,149,92,149,74,81,84,85,63,132,141,131,90,63,129,122,136,87,87,51,86,86,86,148,214,54,4,255,5,10,9,16,73,20,11,18,5,75,1,74,83,14,9,15,60,83,5,14,255,254,5,9,83,255,18,21,7,14,73,20,8,9,20,18,255,75,21,74,83,14,9,15,74,75,74,74,75,75,75,69,77,66,74,76,75,69,87,87,51,86,86,86,155,66,70,69,66,74,74,71,17,254,9,20,255,10,8,9,75,74,45,83,83,83,83,83,83,83,83,244,6,12,10,20,17,17,59,11,250,62,5,18,73,223,14,251,255,83,54,83,2,237,223,239,230,59,230,239,9,4,18,3,245,75,75,66,63,76,69,63,70,69,87,88,121,99,27,86,162,29,142,142,251,25,25,25,25,154,15,141,142,251,154,15,141,142,251,251,25,251,245,28,128,102,245,25,193,250,20,124,7,15,3,128,68,20,59,219,176,46,215,81,120,25,141,28,25,245,28,128,102,245,25,224,72,237,54,54,124,232,11,254,137,11,171,146,124,41,55,211,106,3,11,180,129,87,86,145,86,86,86,153,224,1,199,211,6,195,235,248,185,240,216,189,185,247,6,255,244,5,250,0,255,185,186,253,0,244,242,253,177,252,206,195,195,201,204,253,0,244,242,253,177,243,206,12,197,198,189,185,185,201,195,188,194,195,186,190,194,195,186,189,185,185,201,200,187,194,186,87,86,28,86,86,86,162,71,68,77,82,73,77,82,69,69,72,68,68,84,84,70,77,69,71,68,78,77,73,78,77,69,69,72,68,68,82,85,71,77,82,69,73,77,82,69,72,84,78,72,68,68,83,77,71,85,69,73,85,69,72,83,79,153,87,130,139,142,60,133,89,68,68,68,77,71,83,69,73,83,69,71,68,87,86,244,86,86,86,140,38,38,33,38,38,29,29,32,23,86,20,88,99,20,96,99,87,85,96,20,106,49,86,79,93,81,33,95,47,20,93,90,20,106,48,28,28,28,36,31,37,42,29,33,37,42,29,31,28,38,39,33,38,39,87,86,215,86,86,86,128,0,0,247,75,63,60,69,247,77,20,77,2,255,255,255,9,12,13,2,8,15,0,4,8,15,0,2,255,8,13,4,8,13,0,0,247,60,69,59,18,247,57,87,88,27,105,113,86,144,220,230,2,162,164,183,145,230,69,192,133,116,211,78,145,19,221,38,123,154,69,135,124,123,145,154,183,202,145,69,123,183,78,97,31,154,133,116,88,69,116,78,183,19,97,38,123,154,69,135,38,19,38,38,95,19,173,202,87,86,125,86,86,86,171,235,224,241,230,236,235,165,166,233,236,224,222,233,157,232,186,174,177,180,184,233,236,224,222,233,157,223,186,248,174,169,165,165,175,177,181,167,174,166,168,165,176,170,176,166,166,169,165,165,174,173,167,174,166,168,165,175,176,170,175,176,166,166,250,184,227,236,239,157,230,186,165,165,174,167,174,166,168,165,174,182,170,174,182,166,87,87,141,86,86,86,143,116,113,106,171,109,169,174,109,177,174,170,172,177,109,151,96,171,194,180,192,112,178,98,109,180,167,109,151,97,117,117,117,93,114,92,100,116,112,92,100,116,114,117,91,93,112,91,93,116,116,109,153,181,168,175,109,151,87,87,110,86,86,86,141,123,196,137,134,134,134,128,131,132,137,129,135,139,129,135,137,134,127,128,139,127,128,135,135,142,211,204,210,121,142,208,153,199,155,123,193,194,192,199,204,213,140,209,198,207,192,134,196,135,142,211,204,210,121,142,87,88,138,97,249,86,176,112,225,134,145,112,68,234,134,181,192,46,225,132,203,79,68,203,181,134,66,192,77,234,225,68,214,77,66,77,77,66,101,184,38,118,217,242,217,118,68,123,181,90,96,66,66,165,154,99,242,253,121,242,253,77,77,110,234,247,134,209,173,231,104,96,13,198,189,77,19,234,2,129,151,239,140,68,176,203,231,151,184,24,27,173,60,242,41,107,195,87,88,199,93,13,86,173,163,222,222,240,180,61,54,247,61,29,167,138,201,131,13,159,170,184,240,177,201,37,124,72,184,205,173,12,198,33,79,9,12,166,29,138,167,114,167,240,215,65,149,250,37,61,152,223,240,215,65,149,250,37,61,152,223,96,184,251,223,145,250,201,124,243,166,208,201,223,230,187,208,124,110,187,167,180,114,223,223,58,44,237,30,230,244,87,88,227,109,253,86,143,123,74,166,238,74,166,146,146,48,151,220,200,154,151,195,177,94,240,74,120,235,215,123,123,74,97,74,169,74,146,192,123,74,51,238,74,51,146,146,215,123,123,74,166,235,169,74,146,192,123,74,143,238,74,143,146,146,87,87,145,86,86,86,142,109,96,99,95,109,105,105,96,97,94,102,96,99,104,108,96,99,104,156,86,179,170,159,113,168,92,105,105,105,96,102,88,104,108,88,104,102,105,94,108,94,104,104,109,110,175,113,181,170,113,173,170,174,176,173,113,87,88,247,107,147,86,139,165,248,1,110,148,152,168,190,206,151,148,85,151,165,227,63,63,63,231,126,143,84,168,143,84,126,63,17,252,168,17,252,84,84,151,123,127,64,253,151,165,248,165,126,17,80,101,151,64,253,43,206,151,87,86,54,86,86,86,177,152,145,159,147,115,169,170,168,159,164,157,100,153,158,151,168,94,172,95,86,155,164,154,113,86,168,155,170,171,168,164,86,170,151,152,162,155,100,153,165,164,153,151,170,94,152,95,86,155,164,154,95,94,95,95,98,94,156,171,164,153,170,159,165,164,94,95,162,165,153,151,162,86,161,115,103,104,103,113,162,165,153,151,162,86,152,115,177,94,94,94,87,88,131,99,27,86,175,13,13,26,178,0,13,152,204,0,13,152,178,139,0,243,204,0,243,152,152,191,139,139,13,26,52,165,0,152,178,139,0,104,204,0,104,152,152,191,139,139,13,26,13,165,0,152,178,139,39,204,39,152,152,191,139,139,13,26,243,165,0,152,178,139,13,26,204,13,26,152,152,191,139,139,13,243,243,165,0,152,178,139,65,204,65,152,152,191,87,88,135,103,71,86,126,47,47,47,217,217,234,98,63,64,132,63,64,98,47,217,200,132,217,200,64,64,115,47,47,47,217,217,234,98,12,64,132,12,64,98,47,80,132,80,64,87,86,20,86,86,86,150,61,64,60,60,70,71,74,63,69,68,61,65,69,68,61,64,60,60,60,70,70,70,63,76,61,65,76,61,63,60,69,74,65,69,74,61,61,64,60,60,70,71,75,62,69,61,63,60,70,69,65,70,69,61,61,145,79,122,131,134,52,125,81,60,87,87,185,86,86,86,166,161,168,159,168,160,158,161,168,171,164,168,171,160,160,165,150,87,153,93,98,153,101,98,86,88,101,153,107,180,87,142,96,148,164,94,174,153,96,91,153,107,181,161,161,169,158,168,169,160,164,168,169,160,153,109,97,92,99,153,107,180,107,158,161,161,167,172,171,159,168,160,158,161,166,164,166,160,160,153,92,87,86,222,86,86,86,128,76,66,25,254,64,57,71,59,27,81,82,80,71,76,69,12,65,70,63,80,6,84,7,254,67,76,66,25,254,80,67,82,83,80,76,254,82,63,64,74,67,12,87,88,195,97,249,86,133,4,136,125,4,238,191,123,249,134,35,26,125,15,134,123,134,134,123,123,123,123,43,10,156,222,32,134,178,222,32,134,156,123,222,233,178,222,233,134,134,167,123,123,123,244,233,156,87,86,181,86,86,86,144,236,222,226,236,222,224,221,230,230,226,230,230,222,222,222,191,29,250,252,4,251,35,231,24,236,252,255,31,8,254,11,237,227,5,36,40,30,41,30,36,35,213,242,213,4,37,235,247,42,231,15,28,221,20,252,16,221,27,87,88,106,91,35,86,149,179,144,89,174,119,149,144,50,55,134,149,89,79,134,10,129,155,50,50,120,135,60,95,55,65,50,130,75,130,55,55,145,134,149,89,79,134,10,84,155,209,50,50,50,95,115,110,65,95,120,55,75,95,120,55,65,50,100,90,75,100,90,55,87,88,199,99,27,86,139,220,3,207,207,207,68,94,146,246,68,120,220,16,68,120,220,246,207,81,81,16,81,81,220,220,3,207,207,207,68,146,107,246,68,68,220,16,68,68,220,246,207,172,16,172,220,220,3,207,207,68,146,159,87,88,118,89,1,86,149,247,9,30,241,253,9,30,241,250,238,238,9,9,33,247,9,12,241,253,9,12,241,237,39,168,195,204,214,177,45,238,238,9,244,9,241,247,238,12,9,253,12,9,241,241,250,223,156,214,162,195,214,186,195,159,153,186,214,216,45,156,135,177,87,87,171,86,86,86,174,94,206,148,196,203,146,137,203,121,191,211,211,187,212,186,194,210,206,186,194,210,203,119,147,134,145,203,121,190,121,212,211,211,211,189,182,185,212,186,187,210,206,186,187,210,212,211,186,183,206,186,183,210,210,203,134,145,135,196,203,141,100,146,94,190,124,119,125,146,145,136,209,140,147,138,125,211,121,210,203,134,145,135,196,203,125,134,119,87,87,18,86,86,86,157,31,36,40,242,30,51,52,38,47,232,53,41,40,53,51,30,234,52,235,242,47,40,46,235,234,235,55,230,234,48,31,40,53,30,43,41,40,234,235,38,41,53,51,38,242,45,215,234,234,223,226,237,227,223,235,231,227,223,235,221,38,41,53,51,38,242,52,215,29,234,234,87,88,216,109,253,86,167,112,63,155,86,181,86,135,227,86,135,181,112,63,224,227,63,224,135,135,204,112,112,112,63,178,132,181,224,135,227,224,135,181,112,63,86,227,63,86,135,135,204,112,112,63,178,63,158,63,135,181,112,224,227,224,135,135,204,112,112,63,155,247,158,63,135,181,112,63,63,227,63,63,135,135,204,63,86,247,204,112,87,88,134,99,27,86,178,142,142,3,55,16,181,3,42,155,207,3,42,155,181,142,16,246,207,16,246,155,155,194,142,142,3,55,16,181,55,155,207,55,155,194,3,68,55,194,142,142,142,3,55,3,181,16,155,207,16,155,181,142,55,207,55,155,155,194,3,68,68,223,133,180,41,80,38,219,159,142,142,3,168,3,155,181,142,3,16,207,3,16,155,155,194,77,128,38,154,41,38,87,87,178,86,86,86,129,134,137,149,147,134,210,128,183,148,93,139,87,199,141,189,210,139,144,210,128,182,202,202,194,205,190,203,199,190,203,210,126,138,143,136,210,128,183,128,205,196,191,192,87,86,211,86,86,86,162,243,56,65,55,14,243,53,46,60,48,16,70,71,69,60,65,58,1,54,59,52,69,251,73,252,243,56,65,55,14,243,69,56,71,72,69,65,243,71,52,53,63,56,1,54,66,65,54,52,71,251,53,252,243,56,65,55,252,251,252,252,251,251,251,5,3,254,8,252,0,8,252,255,5,3,3,87,86,104,86,86,86,146,145,114,208,173,175,183,174,214,154,203,159,175,178,210,187,177,190,160,150,188,205,224,220,136,165,136,217,178,188,172,181,160,181,172,214,219,201,216,170,144,144,153,159,147,160,154,149,160,154,145,145,114,208,173,175,183,174,214,154,203,87,88,142,103,71,86,153,53,69,120,152,17,103,68,70,156,240,255,33,169,101,32,237,83,220,50,1,237,186,237,32,241,174,155,174,205,254,36,240,83,224,136,101,54,221,69,153,54,84,83,220,33,66,135,237,220,54,71,186,237,33,255,186,174,169,155,54,54,70,224,105,87,71,139,87,88,198,93,13,86,123,85,229,99,186,207,123,109,186,166,116,113,35,222,222,29,50,85,236,29,229,243,222,36,29,1,36,29,229,229,250,222,222,29,85,43,243,29,87,87,234,86,86,86,141,250,19,15,251,250,19,14,18,18,18,251,3,250,21,247,19,15,247,19,21,18,251,246,15,251,246,19,19,14,18,18,251,3,253,20,251,19,21,18,251,251,15,251,251,19,19,14,18,18,251,3,248,20,251,19,87,88,161,91,35,86,160,120,105,170,130,170,110,110,125,105,105,150,160,160,115,150,110,120,105,155,150,130,155,150,110,110,18,200,159,204,219,65,174,210,105,105,150,115,150,110,120,105,150,150,130,150,150,110,110,125,80,139,65,149,204,65,189,204,144,134,189,65,239,210,139,104,174,114,130,184,200,65,174,159,65,87,87,114,86,86,86,158,192,118,138,138,138,130,141,129,139,135,129,139,141,138,131,130,135,131,130,139,139,146,190,202,207,200,146,192,119,192,141,138,138,138,132,127,128,141,131,131,139,135,131,131,139,141,138,131,129,135,131,129,139,139,146,207,200,206,125,146,212,157,203,151,119,197,190,196,203,200,209,136,87,88,171,107,147,86,168,202,51,160,5,243,89,8,75,244,177,223,130,75,5,244,47,68,5,177,75,47,160,181,135,244,113,202,198,177,202,160,47,243,181,8,75,244,177,223,8,243,8,76,71,243,9,68,177,202,47,72,198,177,243,8,135,198,202,160,135,75,114,172,243,243,176,155,88,29,176,8,50,243,176,155,92,176,155,8,8,130,135,87,86,142,86,86,86,161,253,241,239,250,174,240,203,9,182,182,182,192,191,191,185,191,196,183,187,191,196,183,185,182,191,198,187,191,198,183,183,186,192,192,193,186,182,182,182,192,192,190,185,191,193,183,187,191,193,183,185,182,192,190,187,192,190,183,183,186,182,182,182,192,191,198,185,191,193,183,187,191,193,183,185,87,87,161,86,86,86,128,185,211,188,211,184,184,189,185,185,208,200,208,183,208,184,182,185,211,188,211,184,184,189,185,185,208,201,209,182,211,184,188,211,184,189,185,185,208,210,212,182,207,87,86,115,86,86,86,148,156,160,165,156,240,174,217,226,229,147,220,176,155,155,164,158,164,164,156,160,164,164,156,159,150,213,147,215,226,147,223,226,214,212,223,147,233,176,213,206,220,208,160,222,174,147,220,217,147,233,175,155,155,163,158,169,156,160,169,156,147,231,87,86,232,86,86,86,171,80,77,86,8,94,37,94,19,26,29,30,8,77,86,76,35,8,74,67,81,69,37,91,92,90,81,86,79,22,75,80,73,90,16,94,17,8,77,86,76,35,8,90,77,92,93,90,86,8,92,73,74,84,77,22,75,87,86,75,73,92,16,74,17,8,77,86,76,17,16,17,17,16,24,20,16,16,25,31,24,18,25,17,19,16,87,88,238,91,35,86,162,232,232,207,232,232,187,187,202,182,182,182,232,247,247,197,1,187,207,1,187,197,182,232,237,207,232,237,187,187,187,32,246,71,81,121,76,20,232,221,1,81,96,0,141,91,156,6,212,146,231,70,50,61,25,10,25,40,237,142,31,142,121,30,252,56,55,232,176,241,182,121,30,252,56,55,232,87,86,175,86,86,86,126,9,22,215,14,246,219,215,21,36,29,18,35,24,30,29,215,216,27,30,18,16,27,207,26,236,215,215,232,231,217,224,216,218,215,224,226,220,224,226,216,87,87,118,86,86,86,171,95,113,162,165,153,151,162,86,152,115,177,94,94,103,108,107,97,104,95,99,104,95,98,104,102,111,98,94,94,104,102,108,96,103,95,97,94,103,107,99,103,107,95,95,98,104,102,111,98,94,94,104,103,104,96,103,95,97,94,104,103,99,104,103,95,95,98,94,94,94,103,106,111,97,108,95,99,108,95,97,94,106,99,106,95,87,87,225,86,86,86,128,248,76,6,67,58,79,1,56,12,249,249,249,16,246,18,248,252,18,248,246,249,14,252,14,248,248,253,254,63,1,69,58,1,61,58,62,64,61,1,83,12,63,87,87,122,86,86,86,137,213,163,207,95,165,117,90,163,152,90,168,110,98,98,106,101,105,99,95,105,99,90,166,162,151,160,90,168,111,168,101,98,98,108,103,104,101,107,104,99,95,107,104,99,90,151,160,150,117,90,156,87,87,220,86,86,86,161,51,69,49,17,75,72,74,69,62,55,254,59,68,61,74,4,70,5,252,57,62,56,19,252,74,57,72,73,74,62,252,72,61,58,64,57,254,59,63,62,59,61,72,4,58,5,252,57,62,56,5,4,5,5,0,4,54,73,62,59,72,69,63,62,4,5,64,63,59,61,64,252,67,17,4,87,86,199,86,86,86,169,239,248,249,241,248,240,242,239,248,252,244,248,252,240,240,2,51,54,42,40,51,231,41,4,66,239,239,239,248,249,249,242,248,252,240,244,248,252,240,242,239,248,248,244,248,248,240,240,243,239,239,248,248,250,241,248,240,242,239,248,0,244,248,0,240,240,243,239,239,239,248,250,248,242,255,240,244,255,240,242,239,249,248,87,86,194,86,86,86,151,239,244,243,235,235,63,253,40,49,52,226,43,255,234,234,234,243,237,243,242,235,239,243,242,235,237,234,251,239,251,235,235,238,229,36,226,38,49,226,46,49,37,35,46,226,56,255,36,29,43,31,239,45,253,226,43,40,226,56,254,242,226,54,42,39,87,87,201,86,86,86,153,115,169,91,164,91,174,177,177,151,156,155,174,150,176,180,150,176,169,108,115,109,158,169,103,126,112,132,164,86,93,87,112,115,106,179,102,113,104,87,177,91,176,169,108,115,109,158,169,87,108,93,92,87,115,169,93,104,103,117,108,179,102,114,115,102,104,93,87,88,213,93,13,86,175,237,131,244,181,152,215,145,244,237,244,244,237,237,237,44,2,44,72,244,16,44,72,244,9,237,237,44,2,44,93,244,16,44,93,244,9,237,237,44,2,58,244,16,58,244,244,27,27,181,27,201,222,138,124,201,181,124,29,170,93,156,236,75,205,156,26,114,181,145,222,181,201,222,138,124,201,181,156,124,138,208,40,44,166,247,86,86,191,138,87,88,200,89,1,86,160,127,181,24,106,142,39,94,214,253,64,181,24,106,142,39,94,214,253,64,229,157,76,64,250,39,18,241,36,3,21,18,64,67,12,21,241,235,12,40,9,127,64,64,64,91,112,103,73,91,106,67,79,91,106,67,73,64,109,79,109,67,67,121,12,21,241,235,12,40,238,127,57,64,64,87,86,34,86,86,86,158,84,76,83,75,77,74,83,89,79,83,89,75,75,78,74,74,74,85,91,77,83,90,75,79,83,90,75,77,74,83,87,79,83,87,75,75,78,74,74,86,86,77,90,75,79,90,75,78,74,74,86,87,77,89,75,79,89,75,78,84,88,78,74,74,85,91,76,83,75,77,74,83,87,88,169,93,13,86,153,0,228,0,0,200,200,221,193,193,7,49,207,0,200,214,193,49,228,49,200,200,221,193,193,193,14,249,214,0,21,200,228,0,21,200,214,193,7,0,228,7,0,200,200,20,70,115,178,199,137,136,84,193,193,0,214,0,49,200,228,0,49,200,221,158,87,137,87,86,169,86,86,86,140,13,24,201,21,24,12,10,21,201,31,230,11,4,18,6,214,20,228,201,18,15,201,31,229,209,209,217,211,218,210,212,209,221,214,221,210,210,201,29,17,14,23,201,31,230,31,212,209,209,209,219,222,223,212,87,88,3,103,71,86,169,102,188,0,102,188,222,171,119,0,119,188,188,35,184,81,167,238,35,133,14,252,48,16,166,183,149,252,81,218,17,150,235,116,149,171,217,188,35,184,81,167,238,35,149,184,183,200,149,81,35,183,116,133,47,184,17,150,98,81,150,116,183,171,133,188,35,184,81,167,188,171,188,188,239,171,201,200,81,150,183,252,98,81,87,87,111,86,86,86,155,135,134,203,204,208,206,203,143,200,122,118,120,203,204,208,206,203,143,209,122,184,135,135,126,126,118,136,126,127,134,138,126,127,134,139,126,126,127,139,135,135,135,126,129,119,136,126,132,134,138,126,132,134,136,135,126,132,138,126,132,134,134,186,120,213,204,193,143,198,87,88,196,97,249,86,133,99,223,168,69,250,36,16,137,36,104,137,5,239,104,36,214,99,250,173,71,195,179,93,77,36,71,38,36,214,88,124,124,212,146,223,135,157,124,234,212,179,234,212,135,135,36,192,87,88,211,91,35,86,175,219,204,249,115,33,4,33,170,155,155,205,220,225,170,200,235,160,180,200,235,160,115,204,249,199,250,115,189,154,224,164,4,18,23,13,224,249,214,185,194,219,184,13,155,33,160,115,204,249,199,250,115,13,204,23,28,13,249,115,23,184,189,239,204,185,194,254,249,194,184,23,155,189,160,115,204,249,199,160,155,160,160,155,8,69,119,39,84,235,87,86,37,86,86,86,145,114,105,147,152,134,149,103,77,77,86,85,80,93,90,82,93,90,78,78,81,69,140,153,90,110,92,127,103,142,89,158,78,96,69,134,157,104,93,102,150,127,109,102,120,98,102,134,136,146,122,86,140,115,92,92,107,136,69,138,87,87,46,86,86,86,170,12,18,40,15,246,241,54,239,255,216,230,239,225,76,225,7,248,19,78,59,78,237,254,68,240,3,64,216,21,70,221,245,217,70,20,3,12,17,2,7,13,12,70,71,10,13,17,15,10,78,9,59,70,70,70,63,68,69,73,69,71,75,69,71,73,70,64,63,75,64,63,71,71,57,10,13,17,15,10,78,16,59,249,70,87,87,15,86,86,86,140,231,231,225,226,225,232,222,227,230,234,222,227,230,232,231,224,234,224,230,230,235,231,231,225,224,226,232,224,230,234,224,230,235,231,231,222,229,233,222,230,232,231,225,222,234,225,222,230,230,235,231,231,231,225,87,87,207,86,86,86,126,159,168,158,161,166,170,158,161,166,168,167,160,170,160,166,166,171,161,158,164,90,152,117,108,97,175,102,154,167,167,158,168,162,166,170,162,166,171,176,113,87,88,215,91,35,86,172,119,203,2,119,243,2,198,188,243,119,37,8,193,158,228,168,184,238,254,119,228,213,119,37,3,159,159,199,174,204,239,164,184,204,239,164,119,27,223,208,253,119,37,8,37,174,159,159,209,224,229,174,214,164,184,214,164,119,208,253,203,254,119,193,158,228,168,8,22,27,17,228,253,218,189,198,223,188,17,159,37,164,119,208,253,203,87,86,239,86,86,86,135,42,15,97,84,99,100,97,93,15,99,80,81,91,84,29,82,94,93,82,80,99,23,81,24,15,84,93,83,24,23,24,76,27,23,85,100,93,82,99,88,94,93,23,24,91,94,82,80,91,87,87,170,86,86,86,138,202,149,191,210,210,185,186,212,187,211,213,210,188,189,207,188,189,211,211,197,142,145,141,139,142,202,140,191,133,210,210,187,185,188,213,187,188,211,207,187,188,211,206,210,210,187,194,182,213,195,211,207,87,88,202,93,13,86,158,89,233,254,226,226,33,82,33,247,54,233,5,54,233,254,226,226,33,75,89,247,33,89,233,5,33,89,233,254,33,54,89,254,226,226,226,33,75,40,247,33,40,233,5,33,40,233,247,226,33,54,5,33,54,233,233,254,226,226,226,33,75,40,247,47,233,5,47,233,247,226,68,87,88,173,99,27,86,138,246,107,194,194,233,181,181,42,133,94,220,55,194,246,55,194,233,181,181,181,42,120,42,220,42,133,194,246,42,133,194,220,181,146,246,146,194,194,233,181,181,181,42,133,107,220,81,194,246,81,194,220,87,87,222,86,86,86,148,246,15,16,251,15,16,247,247,75,9,68,61,80,254,55,11,15,250,1,64,254,66,61,254,58,61,65,63,58,254,84,11,64,41,55,43,251,57,9,254,55,68,254,84,10,14,254,82,54,67,60,254,84,11,84,249,246,246,246,16,19,20,87,86,246,86,86,86,127,33,39,45,31,35,39,45,31,33,30,39,40,35,39,40,31,31,22,91,100,90,49,22,88,81,95,83,51,105,106,104,95,100,93,36,89,94,87,104,30,108,87,86,232,86,86,86,125,17,8,77,86,76,35,8,90,77,92,93,90,86,8,92,73,74,84,77,22,75,87,86,75,73,92,16,74,17,8,77,86,76,17,16,17,17,16,16,87,88,211,109,253,86,154,107,219,150,153,58,130,176,107,173,222,173,130,130,199,107,107,81,219,176,127,130,222,127,130,130,185,138,155,216,219,170,250,233,75,170,72,245,3,204,40,66,63,66,204,181,179,78,179,236,227,173,193,86,81,233,20,107,92,52,0,107,253,86,181,184,63,66,204,87,87,56,86,86,86,142,226,32,33,228,227,215,217,228,24,223,53,32,32,49,48,31,42,33,37,42,33,47,228,227,215,217,228,24,214,53,239,41,48,39,36,32,32,41,42,42,31,41,42,33,37,41,42,33,36,32,32,32,38,40,39,31,87,86,197,86,86,86,168,246,246,238,242,246,246,238,240,237,246,254,242,246,254,238,238,241,237,237,247,245,252,239,246,238,240,237,246,247,242,246,247,238,238,241,237,237,237,246,249,253,240,246,246,238,242,246,246,238,240,237,246,252,242,246,252,238,238,66,0,43,52,55,229,46,2,237,237,246,240,251,238,242,251,238,241,232,39,229,41,52,229,87,88,236,97,249,86,153,144,177,45,23,144,76,254,139,34,213,111,235,219,133,117,76,111,78,76,254,128,164,164,252,197,7,51,175,219,7,51,175,76,232,100,67,166,76,254,139,254,197,164,164,18,51,62,197,40,175,219,40,175,76,67,166,56,117,76,34,213,111,235,139,221,232,210,87,87,114,86,86,86,146,203,200,209,136,213,202,211,196,138,192,139,146,207,200,206,125,146,196,207,190,191,196,200,146,190,211,212,198,207,136,213,201,200,213,211,190,138,212,139,146,207,200,206,139,138,139,151,134,138,208,191,200,213,190,203,201,200,138,139,198,87,88,146,93,13,86,133,155,71,57,134,114,127,61,170,170,170,233,33,5,191,233,5,177,205,233,5,177,191,170,233,19,205,233,19,177,177,47,134,155,71,57,134,114,64,61,239,170,170,254,233,184,233,177,87,88,40,99,27,86,131,87,48,13,113,13,61,61,100,48,48,217,191,87,165,165,61,113,165,165,61,100,48,48,217,152,74,165,61,87,48,217,113,217,61,61,100,204,0,100,48,48,165,0,87,178,87,87,116,86,86,86,134,141,137,130,141,136,140,140,140,128,133,139,133,130,141,137,133,130,141,139,140,130,130,137,130,130,141,141,136,140,140,128,133,139,133,124,141,137,133,124,141,136,140,140,140,129,128,139,133,87,88,241,107,147,86,144,246,78,162,246,246,78,120,57,116,162,116,78,78,141,57,57,53,225,99,246,78,120,57,11,32,162,11,32,78,78,141,57,57,74,74,120,246,32,78,162,246,32,78,50,200,79,12,75,145,142,242,57,57,57,246,120,246,32,87,86,123,86,86,86,170,164,168,172,174,164,166,163,173,173,168,173,173,164,164,167,158,221,155,223,234,155,231,234,222,220,231,155,241,184,221,214,228,216,168,230,182,155,228,225,155,241,183,163,163,171,166,172,178,164,168,172,178,164,155,239,227,224,233,155,241,184,241,166,163,163,173,176,177,166,172,175,164,168,172,175,164,155,224,233,223,182,155,221,214,87,88,163,105,113,86,172,110,138,42,44,63,25,110,205,72,13,252,91,214,25,155,101,174,3,34,205,15,4,3,25,34,63,82,25,205,3,63,214,233,167,34,13,252,224,205,252,214,63,155,233,174,3,34,205,15,174,155,174,174,155,155,155,155,89,51,212,70,146,174,250,70,146,174,212,155,203,250,203,174,174,231,155,155,89,127,51,193,70,174,212,155,89,87,86,138,86,86,86,165,186,183,188,186,179,179,179,148,235,2,205,194,203,251,228,210,203,221,184,222,239,2,254,170,199,170,251,212,222,206,215,194,215,206,248,253,235,250,204,178,178,187,194,181,193,195,183,193,195,179,179,148,235,2,205,194,203,251,228,210,203,221,184,204,235,237,245,241,252,249,255,248,238,205,249,246,249,252,189,87,87,106,86,86,86,123,138,127,138,177,186,120,172,183,124,164,201,146,177,186,120,172,183,124,164,201,146,161,169,142,146,200,183,208,205,182,211,209,208,146,147,206,209,87,87,169,86,86,86,172,134,136,149,201,142,196,183,183,182,190,149,146,134,136,149,201,135,196,126,209,209,182,189,207,184,208,206,209,183,182,212,183,182,208,208,213,209,209,186,193,206,192,208,212,192,208,213,209,209,186,188,207,184,208,206,209,193,212,193,208,208,213,209,209,209,186,193,206,184,187,208,212,184,187,208,206,209,183,184,212,183,184,208,208,213,209,87,87,130,86,86,86,138,90,90,106,115,93,115,112,91,87,115,112,91,93,90,117,87,117,91,91,86,90,90,90,115,106,93,107,91,87,107,91,93,90,112,87,112,91,91,167,109,160,153,180,98,155,103,90,90,115,93,115,116,87,88,209,97,249,86,172,148,192,236,247,148,181,82,7,49,29,150,49,117,150,18,252,117,49,227,112,7,186,84,208,192,106,90,49,84,51,49,227,101,137,137,225,170,236,236,148,192,236,236,148,49,205,73,40,139,49,227,112,227,170,137,137,137,247,24,35,170,236,24,148,192,236,24,148,170,137,236,35,192,236,35,148,148,49,40,139,29,90,49,7,186,84,87,86,108,86,86,86,174,201,169,223,224,222,213,218,211,154,207,212,205,222,148,226,149,140,209,218,208,167,140,222,209,224,225,222,218,140,224,205,206,216,209,154,207,219,218,207,205,224,148,206,149,140,209,218,208,149,148,149,149,152,223,224,222,213,218,211,154,207,212,205,222,148,157,156,158,152,148,148,148,157,157,160,151,157,162,149,153,157,162,149,151,148,157,164,153,87,87,237,86,86,86,143,252,5,20,20,17,21,21,252,252,252,18,5,20,16,5,20,17,21,21,252,253,4,18,5,20,16,5,20,17,21,21,21,5,251,18,252,252,20,16,252,252,20,18,21,252,252,16,252,252,20,20,17,21,21,246,252,19,87,88,140,105,113,86,148,47,151,189,132,104,227,104,151,151,208,132,132,142,142,189,47,161,151,227,47,161,151,151,151,132,132,132,132,47,161,28,189,123,151,227,123,151,189,132,180,227,180,151,151,208,132,132,28,189,47,199,151,227,47,199,151,208,132,132,28,189,47,87,87,140,86,86,86,131,90,117,113,93,90,117,117,146,173,164,203,100,205,157,194,212,205,187,110,184,169,164,152,203,175,176,175,154,91,108,97,108,207,156,86,202,153,90,194,167,116,207,156,86,202,87,87,171,86,86,86,151,118,189,101,136,211,96,104,207,211,137,118,145,140,119,146,144,145,211,210,143,144,140,138,143,203,148,190,211,211,189,188,212,186,195,210,206,186,195,210,196,143,144,140,138,143,203,141,190,132,211,211,194,187,212,186,195,210,206,186,195,210,207,211,211,186,87,87,208,86,86,86,165,159,164,167,164,169,173,164,169,172,168,168,161,159,161,166,161,169,167,168,161,159,173,161,159,169,169,172,168,168,168,161,159,164,167,161,160,169,173,161,160,169,167,168,152,173,152,169,169,172,168,168,161,159,163,166,161,169,167,168,161,159,173,161,159,169,169,172,168,168,168,163,164,167,161,159,169,173,161,159,87,87,173,86,86,86,173,212,210,213,188,184,208,188,184,212,212,128,194,135,142,123,205,148,192,213,213,188,210,186,212,208,186,212,209,202,139,205,137,142,205,145,142,138,140,145,205,119,192,139,98,148,96,208,146,194,205,148,135,205,119,193,213,213,189,210,188,196,212,208,188,196,212,205,121,149,136,143,205,119,192,119,210,213,213,187,184,183,211,188,212,210,213,188,87,86,173,86,86,86,147,226,218,222,226,214,214,205,18,27,17,232,205,15,8,22,10,234,32,33,31,22,27,20,219,16,21,14,31,213,35,214,205,18,27,17,232,205,31,18,33,34,31,27,205,33,14,15,25,18,219,16,28,27,16,14,33,213,15,214,205,18,87,88,46,99,27,86,157,196,66,67,54,67,67,106,54,92,31,196,53,18,131,209,196,54,67,170,209,53,27,170,206,157,71,54,54,171,6,19,93,197,67,119,197,67,45,170,209,53,27,170,206,40,71,109,54,54,210,197,80,171,67,93,54,171,171,119,171,171,67,67,106,54,54,54,197,210,93,19,87,86,238,86,86,86,129,23,27,39,23,25,22,32,30,27,32,30,23,23,26,22,22,35,32,25,31,34,23,27,31,34,23,107,41,84,93,96,14,87,43,22,22,31,24,31,23,25,22,32,87,87,3,86,86,86,144,243,214,245,243,218,218,215,228,37,227,31,24,227,23,24,36,34,23,227,49,230,37,76,26,70,214,28,236,227,26,33,227,49,231,219,219,219,243,220,242,240,218,214,242,240,218,220,219,241,214,241,218,218,227,47,27,30,25,87,86,229,86,86,86,123,5,91,34,91,16,13,13,23,26,27,15,22,14,16,13,23,21,18,23,21,14,14,5,74,83,73,32,5,71,64,78,66,34,88,89,87,78,87,86,211,86,86,86,141,65,58,1,54,59,52,69,251,73,252,243,56,65,55,14,243,69,56,71,72,69,65,243,71,52,53,63,56,1,54,66,65,54,52,71,251,53,252,243,56,65,55,252,251,252,252,251,251,251,4,254,10,252,0,10,87,86,236,86,86,86,137,21,24,20,20,29,23,34,21,25,34,21,24,20,20,20,29,23,29,32,21,25,29,32,21,23,20,32,25,32,21,21,21,246,246,12,246,88,91,79,77,88,12,87,56,47,32,65,34,89,94,61,87,88,229,97,249,86,155,11,2,170,214,55,151,19,110,69,49,170,69,137,170,38,16,137,69,140,236,66,159,41,118,242,30,38,11,55,11,132,71,16,137,214,60,110,69,126,41,198,33,140,55,148,203,96,11,2,170,214,55,151,19,132,140,236,66,159,41,118,242,30,38,11,55,11,69,60,87,86,157,86,86,86,157,11,1,167,9,12,0,254,9,189,225,209,22,23,19,3,230,235,0,5,5,244,225,207,189,218,189,5,226,228,236,227,11,207,0,212,228,231,7,240,230,243,213,203,237,12,16,6,17,6,12,11,167,9,12,0,254,9,189,225,11,10,5,243,2,210,254,214,214,13,224,227,87,88,217,99,27,86,161,121,242,121,198,241,64,177,38,150,107,129,38,16,47,233,124,176,46,189,46,124,111,91,91,198,241,64,177,38,150,107,129,38,16,47,194,124,202,176,250,51,202,189,189,124,111,86,64,85,46,224,72,203,64,124,111,111,250,224,189,225,7,202,111,224,189,46,124,111,225,238,91,121,121,121,87,87,134,86,86,86,149,102,177,210,201,90,187,92,179,152,183,88,157,181,153,92,188,208,102,99,102,180,181,154,102,177,210,201,90,187,92,179,152,183,88,157,181,153,92,188,208,144,144,102,102,102,102,175,172,102,177,210,201,90,187,92,179,152,183,88,157,181,153,92,87,87,229,86,86,86,127,47,27,5,81,61,64,55,219,5,5,5,5,5,5,5,5,68,77,34,13,36,84,43,29,36,50,247,49,64,77,81,5,8,5,84,27,49,33,24,13,24,87,87,108,86,86,86,134,168,206,187,205,188,170,148,148,125,133,147,123,118,145,123,118,149,149,114,140,140,140,140,140,140,140,140,205,196,171,132,173,189,162,180,173,155,142,170,205,203,211,199,186,207,185,206,200,87,87,232,86,86,86,172,39,83,84,83,54,247,8,5,8,51,56,250,38,61,246,30,75,16,35,43,31,16,74,61,82,71,60,81,83,82,16,17,84,83,71,73,84,8,79,5,16,16,249,0,247,14,249,17,15,16,247,21,247,17,17,255,84,83,71,73,84,8,70,5,63,16,16,16,246,253,248,15,250,17,21,250,17,15,16,247,21,247,17,17,20,16,87,86,251,86,86,86,144,35,46,51,37,44,36,38,35,52,40,52,36,36,39,35,35,35,46,48,38,44,43,36,40,44,43,36,38,35,51,40,51,36,36,39,46,51,39,35,35,35,47,44,38,44,49,36,40,44,49,36,38,35,50,40,50,36,36,87,87,42,86,86,86,125,78,82,82,60,61,54,85,57,83,79,57,83,255,69,8,17,252,74,19,63,82,82,59,85,59,55,83,79,59,55,83,78,77,12,74,6,17,74,14,87,86,171,86,86,86,159,26,14,12,23,203,33,232,13,6,20,8,216,22,230,203,20,17,203,33,231,211,211,219,214,223,212,216,223,212,203,31,19,16,25,203,33,232,33,214,211,211,211,221,224,225,214,220,219,212,216,220,219,212,214,211,221,221,216,221,221,212,212,203,16,25,15,230,203,13,6,20,8,232,87,88,221,99,27,86,151,180,193,167,50,115,24,51,228,37,202,167,229,219,242,125,254,115,241,220,125,167,254,193,206,167,115,125,193,202,215,89,254,51,228,128,115,228,202,193,229,215,242,125,254,115,241,242,229,242,150,25,229,11,206,115,228,193,50,128,115,229,242,89,128,228,87,88,251,105,113,86,147,46,255,91,236,130,243,243,177,177,177,44,158,158,6,82,158,158,6,92,255,56,84,46,255,91,65,130,28,243,243,253,35,25,158,6,44,243,35,82,35,6,6,63,243,243,35,139,44,35,6,82,35,6,63,243,243,16,16,25,158,6,87,87,55,86,86,86,153,32,31,38,46,34,38,46,30,30,35,31,31,31,44,42,32,38,40,30,34,38,40,30,32,31,42,34,42,30,30,35,43,47,35,31,31,40,44,33,38,30,32,31,38,47,34,38,47,30,30,35,31,31,40,41,33,38,30,32,31,38,43,34,38,43,30,30,87,86,10,86,86,86,176,135,69,112,121,124,42,115,71,50,50,59,52,59,51,53,50,59,59,55,59,59,51,51,54,45,108,42,110,121,42,118,121,109,107,118,42,128,71,108,101,115,103,55,117,69,42,115,112,42,128,70,58,42,126,114,111,120,42,128,71,128,53,50,50,60,63,64,53,60,51,55,60,51,42,111,120,110,69,42,108,101,115,103,71,125,126,124,115,120,113,87,86,130,86,86,86,145,176,229,234,227,244,170,248,171,162,231,240,230,189,162,244,231,246,247,244,240,162,246,227,228,238,231,176,229,241,240,229,227,246,170,228,171,162,231,240,230,171,170,171,171,170,178,174,179,185,178,174,170,170,178,173,187,171,175,187,87,88,51,109,253,86,155,226,226,25,19,19,19,19,19,19,19,19,79,223,18,41,205,93,194,53,24,139,139,4,79,177,19,174,19,139,102,148,76,125,21,177,24,36,148,217,185,168,194,237,59,85,99,44,136,162,159,162,44,21,25,19,19,19,19,19,19,19,19,79,21,254,139,237,70,246,87,88,102,93,13,86,173,13,245,245,118,59,80,70,17,70,13,174,59,238,45,125,220,94,45,171,168,150,111,139,69,146,69,111,104,172,70,70,70,70,41,90,139,41,172,70,70,70,70,70,70,70,70,13,174,59,238,45,125,220,94,45,171,168,178,41,174,146,70,17,70,125,108,178,66,129,238,129,66,104,139,13,118,52,126,126,189,238,147,210,182,161,210,182,87,88,251,105,113,86,141,6,6,185,91,91,91,91,91,91,91,91,46,227,244,35,206,94,169,83,206,36,101,225,46,84,236,160,113,56,170,37,103,244,56,255,56,113,196,91,130,91,216,75,253,225,170,177,169,160,243,216,75,253,225,170,87,87,16,86,86,86,167,222,54,51,232,59,83,236,232,50,37,42,47,36,41,43,42,232,233,44,43,47,49,44,240,39,221,232,232,225,222,223,231,217,233,237,217,233,215,44,43,47,49,44,240,46,221,23,232,232,225,217,224,230,225,233,231,232,225,226,237,225,226,233,233,236,232,232,232,222,223,228,231,225,228,233,237,225,228,233,231,232,87,86,231,86,86,86,171,31,20,31,16,16,19,15,15,25,26,24,18,24,25,16,20,24,25,16,19,25,26,27,19,15,15,25,26,30,17,24,16,18,15,24,29,20,24,29,16,16,19,15,15,24,30,27,17,24,16,18,15,24,27,20,24,27,16,16,100,34,77,86,89,7,80,36,15,15,24,17,24,16,18,15,24,27,20,24,27,16,16,19,10,73,87,86,37,86,86,86,126,69,137,148,69,145,148,136,134,145,69,155,98,135,128,142,130,82,144,96,69,142,139,69,155,97,77,77,77,85,80,86,91,78,82,86,91,78,80,77,87,87,86,50,86,86,86,152,98,95,100,98,91,91,82,166,154,151,160,82,168,111,168,93,90,90,90,100,103,104,93,105,91,95,105,91,93,90,104,95,104,91,91,82,151,160,150,109,82,148,141,155,143,111,165,166,164,155,160,153,96,149,154,147,164,90,168,91,82,151,160,150,109,82,87,87,31,86,86,86,159,17,2,19,18,17,253,63,19,254,1,251,2,61,0,252,253,0,254,19,55,1,54,63,2,253,3,54,55,54,54,59,55,5,18,253,0,19,246,252,253,55,54,251,252,0,254,251,63,248,74,78,79,70,72,251,252,0,254,251,63,1,74,8,55,55,55,81,78,78,56,78,85,54,87,87,34,86,86,86,136,55,83,80,59,61,58,74,55,74,59,59,54,58,58,84,84,85,60,83,59,61,58,83,79,55,83,79,59,59,54,58,58,84,84,82,61,78,59,55,78,59,54,58,58,84,83,74,60,83,59,87,86,47,86,86,86,163,90,87,96,95,92,96,95,88,88,91,96,104,96,91,87,87,96,103,95,90,96,97,88,92,96,97,88,91,87,87,96,102,100,89,96,88,90,87,102,92,102,88,88,172,106,149,158,161,79,152,108,87,87,96,90,96,97,88,92,96,97,88,91,82,145,79,147,158,79,155,158,146,144,155,79,165,108,87,87,5,86,86,86,127,35,74,28,72,216,26,234,229,28,31,229,47,233,221,221,221,245,218,239,220,216,239,220,218,221,240,216,240,220,220,229,49,29,32,23,229,47,232,47,218,221,87,88,18,109,253,86,122,170,144,213,236,216,121,193,239,170,213,29,213,193,193,242,37,244,14,95,242,224,63,129,109,141,103,126,80,129,244,83,52,247,106,201,80,87,87,198,86,86,86,171,174,92,175,166,107,116,106,161,166,88,107,90,91,88,116,166,90,103,104,114,107,180,105,117,116,105,103,90,174,104,175,166,107,116,106,175,174,175,175,174,174,174,151,157,150,177,151,159,175,179,151,159,175,178,174,174,174,150,177,152,175,179,152,175,177,174,151,159,179,151,159,175,175,178,174,174,150,177,152,175,179,152,175,175,208,87,87,166,86,86,86,161,198,198,198,198,139,148,138,176,139,148,138,207,176,176,109,118,95,106,93,146,89,139,107,108,147,188,138,189,143,184,212,88,139,148,138,139,120,89,122,139,118,118,139,138,192,105,149,148,148,139,137,122,206,140,123,148,137,122,143,149,148,206,207,176,198,198,198,198,143,140,198,145,114,105,186,87,88,49,89,1,86,173,48,211,120,135,36,199,150,126,138,211,51,15,145,141,105,96,123,79,145,145,145,145,145,145,145,145,105,0,6,30,3,123,199,90,214,6,15,111,42,12,51,217,187,33,126,138,108,141,108,126,123,145,232,145,253,205,156,159,147,99,12,27,90,105,105,54,253,199,79,145,145,145,145,145,145,145,145,84,153,250,217,244,132,63,9,244,42,87,86,12,86,86,86,146,58,92,123,127,117,128,117,123,122,44,73,44,80,122,121,116,98,113,65,109,69,69,124,79,82,22,44,44,44,44,113,122,112,22,113,122,112,53,22,22,44,22,116,81,83,91,82,122,62,111,67,83,86,118,95,85,98,68,58,89,87,86,217,86,86,86,138,72,78,76,62,27,78,77,77,72,71,10,28,69,66,60,68,19,28,72,71,71,62,60,77,1,63,78,71,60,77,66,72,71,1,2,227,249,249,249,249,79,83,47,41,73,16,33,41,40,44,14,41,87,86,193,86,86,86,178,32,241,6,59,239,23,42,52,42,35,45,38,225,254,225,47,48,53,225,55,59,23,17,49,248,9,17,16,20,246,17,32,241,6,59,239,23,42,52,42,35,45,38,203,38,47,37,234,203,203,225,203,45,48,36,34,45,225,39,54,47,36,53,42,48,47,225,54,14,27,245,32,2,32,14,46,57,250,7,247,233,36,2,241,24,2,7,24,11,56,15,51,87,87,232,86,86,86,129,29,84,49,22,17,238,8,8,8,8,84,83,71,73,84,8,65,248,252,22,22,77,50,44,0,23,38,75,71,248,52,41,255,8,76,83,8,84,83,71,73,84,8,87,87,10,86,86,86,165,79,60,53,60,72,77,55,39,81,26,61,38,223,40,43,46,29,39,229,234,35,218,214,60,60,39,80,70,226,61,76,41,45,218,78,75,223,79,60,53,60,72,77,55,39,81,26,61,38,234,39,48,38,20,234,234,234,234,46,49,45,43,46,234,34,75,66,29,24,218,67,65,52,216,40,238,234,36,52,87,86,17,86,86,86,123,106,85,73,93,66,120,115,126,66,87,106,126,107,103,27,27,49,49,49,49,116,82,65,104,82,87,104,91,136,95,131,102,125,90,99,63,90,87,88,137,107,147,86,163,143,185,34,13,243,210,252,126,143,75,8,164,143,143,210,168,13,209,231,34,143,168,13,38,164,143,209,197,139,92,134,168,84,235,151,97,118,54,130,230,91,41,41,41,41,41,41,41,41,38,231,41,80,197,8,205,130,247,122,227,46,163,76,164,248,247,151,155,41,13,17,210,143,41,227,210,13,87,87,52,86,86,86,159,1,2,6,84,17,6,16,42,84,84,84,84,84,84,84,84,13,14,84,232,250,239,237,19,215,218,222,252,253,61,225,70,225,3,17,2,237,6,4,1,0,224,253,4,17,84,57,57,84,241,6,1,9,70,225,3,17,2,237,6,4,1,0,224,253,4,17,70,233,7,1,3,17,87,86,199,86,86,86,142,9,60,59,59,54,53,248,231,54,57,231,19,65,14,16,42,38,33,29,63,64,0,28,245,28,58,44,57,16,53,55,60,59,27,64,55,44,231,4,4,231,12,53,60,52,245,28,58,44,57,16,53,55,60,59,27,87,86,191,86,86,86,152,56,47,36,237,19,46,52,34,39,223,51,39,36,45,201,223,223,223,223,223,223,223,223,223,223,223,223,56,239,243,17,17,36,13,3,247,18,1,38,34,239,11,0,223,252,223,51,49,52,36,201,223,223,223,223,223,223,223,223,223,223,223,223,57,41,24,87,87,50,86,86,86,138,238,58,230,67,17,20,7,67,240,219,7,220,224,82,55,82,230,252,241,235,21,217,220,224,250,251,59,223,72,226,9,5,11,254,11,9,8,44,82,82,82,82,82,82,82,82,82,82,82,82,250,243,87,87,135,86,86,86,176,191,152,157,87,190,196,177,93,173,103,98,103,168,198,87,188,198,205,188,209,156,213,153,186,179,206,185,117,183,180,152,174,155,174,180,181,145,103,103,103,103,103,103,103,103,170,181,171,145,103,103,103,103,170,181,171,110,145,145,103,103,103,103,168,198,87,188,198,205,188,209,156,213,153,186,179,206,185,117,206,181,151,154,155,202,181,171,170,171,97,87,86,4,86,86,86,159,71,115,114,114,105,103,120,44,106,121,114,103,120,109,115,114,44,45,14,36,36,36,36,36,36,36,36,125,52,56,86,86,105,82,72,60,87,70,107,103,52,80,69,36,65,36,106,101,112,119,105,14,36,36,36,36,105,114,104,45,14,14,36,36,36,36,119,106,86,92,81,118,52,87,88,201,89,1,86,162,155,107,155,52,37,22,83,164,19,25,40,37,146,1,236,19,254,248,245,119,146,22,19,19,248,242,37,65,251,40,19,242,37,4,22,19,65,43,161,37,52,110,1,52,212,155,200,206,251,68,231,41,41,41,41,41,41,41,41,4,251,41,52,89,101,191,191,248,179,149,113,194,143,254,242,89,87,88,11,97,249,86,135,79,214,107,54,197,87,107,197,208,7,107,164,79,236,71,178,93,186,241,134,49,40,208,252,93,189,57,107,7,131,98,197,121,107,107,107,107,107,107,107,107,107,107,107,107,175,208,76,54,87,88,38,105,113,86,177,42,134,145,118,127,79,108,79,184,239,134,173,134,232,126,194,33,59,222,33,193,88,117,155,184,144,22,99,175,241,194,241,99,80,134,125,134,52,4,193,50,78,202,201,203,108,61,201,88,193,61,212,136,228,134,134,134,134,134,134,134,134,134,134,134,134,127,249,182,155,249,88,155,164,251,240,156,117,42,145,60,144,22,99,175,241,194,241,99,80,134,87,86,40,86,86,86,127,101,72,119,152,94,106,157,90,130,143,80,119,152,94,106,157,90,130,143,80,135,111,84,80,142,157,150,139,156,145,151,150,80,81,148,151,139,137,148,72,147,87,86,20,86,86,86,163,81,60,60,71,74,62,69,61,63,60,69,74,65,69,74,61,61,79,128,131,119,117,128,52,118,81,143,60,60,69,70,69,63,69,68,61,65,69,68,61,64,60,60,69,68,72,62,69,61,63,60,72,65,72,61,61,64,69,72,69,64,60,60,60,69,72,73,63,70,61,65,70,61,63,60,69,68,87,86,170,86,86,86,164,215,219,218,211,211,214,226,224,39,229,16,25,28,202,19,231,219,214,205,12,202,14,25,202,22,25,13,11,22,202,32,231,12,5,19,7,215,21,229,202,19,16,202,32,230,210,210,218,213,219,225,211,215,219,225,211,202,30,18,15,24,202,32,231,32,213,210,210,220,223,224,212,219,211,213,210,219,225,87,86,193,86,86,86,130,238,242,248,234,234,225,38,47,37,252,225,35,28,42,30,254,52,53,51,42,47,40,239,36,41,34,51,233,55,234,225,38,47,37,252,225,51,38,53,54,51,47,225,53,87,87,104,86,86,86,151,201,198,212,205,146,199,211,210,199,201,188,144,198,145,136,205,210,204,145,144,145,145,148,144,202,189,210,199,188,209,211,210,144,145,212,211,199,201,212,136,207,133,144,144,144,121,120,125,143,128,145,149,128,145,143,144,121,128,149,121,128,145,145,127,212,87,86,11,86,86,86,133,122,110,108,119,43,109,72,134,51,51,51,61,59,66,54,60,62,52,56,60,62,52,54,51,60,62,56,60,62,52,52,55,51,51,51,61,60,68,54,61,52,56,61,52,54,51,64,87,86,172,86,86,86,176,217,225,213,213,216,212,212,212,222,221,226,215,221,227,213,217,221,227,213,215,212,221,226,217,221,226,213,213,216,212,212,222,221,224,215,223,213,217,223,213,216,212,212,221,228,224,214,221,213,215,212,221,223,217,221,223,213,213,216,212,212,212,222,220,227,215,224,213,217,224,213,215,212,221,220,217,221,220,213,213,216,212,212,212,222,220,227,215,221,220,87,88,153,103,71,86,136,82,150,218,201,82,116,65,98,150,98,82,82,133,65,65,235,235,201,99,218,82,116,65,64,150,64,82,82,133,235,201,47,133,65,65,235,235,218,99,218,82,116,65,218,47,150,218,47,82,82,87,87,126,86,86,86,149,171,105,164,157,176,94,151,107,86,86,111,89,111,102,87,91,111,102,87,90,97,160,94,162,157,94,154,157,161,159,154,94,180,107,160,201,151,203,91,153,105,94,151,164,94,180,106,86,86,86,110,89,111,116,87,91,111,116,87,89,86,112,112,87,86,25,86,86,86,132,70,75,75,66,66,57,141,129,126,135,57,143,86,143,68,65,65,65,75,78,79,68,78,66,70,78,66,68,65,75,74,70,75,74,66,66,57,126,135,125,84,57,123,116,130,118,87,88,240,107,147,86,134,241,95,116,74,141,246,99,182,15,120,229,74,56,158,77,144,57,246,36,199,144,74,57,116,137,74,246,144,116,229,250,204,57,182,15,11,246,15,229,116,56,250,77,144,57,246,36,77,87,88,47,93,13,86,156,71,78,78,71,117,15,15,15,15,15,15,15,15,15,15,15,15,15,15,15,15,119,246,151,84,105,127,158,200,21,169,249,113,151,113,88,249,249,84,242,91,15,92,15,46,63,228,116,221,116,249,148,113,151,99,117,15,15,15,15,15,15,15,15,15,15,15,15,15,15,87,87,16,86,86,86,156,240,240,24,81,56,31,34,224,57,59,38,226,50,234,57,234,75,50,50,31,53,36,240,231,240,73,32,47,63,46,63,50,223,234,57,6,240,240,240,240,240,240,240,240,240,240,240,240,233,6,240,240,240,240,240,240,240,240,53,42,52,6,240,240,240,240,53,42,52,233,87,88,156,89,1,86,175,186,203,230,200,186,224,233,197,191,224,252,95,149,44,101,164,167,158,65,50,113,158,164,170,125,83,206,251,230,197,248,215,233,230,20,197,95,44,161,95,110,161,122,1,134,242,155,224,119,146,23,186,224,233,197,191,224,252,7,44,56,146,146,203,134,104,68,149,98,209,197,44,128,95,252,83,252,206,191,224,245,203,186,252,252,252,252,224,233,87,87,37,86,86,86,127,2,4,249,69,13,228,237,18,15,85,236,230,251,79,255,57,69,11,251,236,225,77,217,84,254,3,248,84,223,236,248,235,239,27,27,69,69,69,69,2,228,87,86,120,86,86,86,151,168,207,185,190,207,194,239,198,234,205,228,193,202,166,193,230,232,237,236,186,221,223,217,230,178,187,231,230,230,221,219,236,160,222,237,230,219,236,225,231,230,160,196,242,191,193,219,215,210,206,240,241,177,205,161,130,152,152,152,152,152,152,152,152,225,87,88,38,99,27,86,123,84,198,149,2,141,202,119,228,175,240,67,176,49,201,253,228,132,232,198,10,110,71,188,198,240,71,10,23,240,188,198,71,188,58,168,198,198,87,86,181,86,86,86,154,213,213,213,213,213,213,30,27,213,1,47,252,254,24,20,15,11,45,46,238,10,227,10,40,26,39,254,35,37,42,41,9,46,37,26,213,242,242,213,250,35,42,34,227,10,40,26,39,254,35,37,42,41,9,46,37,26,227,2,36,42,40,26,247,42,41,41,36,87,86,58,86,86,86,168,168,107,90,169,172,90,134,180,129,131,157,153,148,144,178,179,115,143,104,143,173,159,172,131,168,170,175,174,142,179,170,159,90,119,119,90,127,168,175,167,104,143,173,159,172,131,168,170,175,174,142,179,170,159,104,142,169,175,157,162,90,174,162,159,168,68,90,90,90,90,90,90,90,90,90,90,90,90,179,106,110,140,87,86,119,86,86,86,137,201,220,197,187,175,202,185,222,218,167,195,184,151,180,151,235,233,236,220,129,151,151,151,151,151,151,151,151,151,151,151,151,241,225,208,187,175,195,168,222,217,228,168,189,208,228,209,205,151,180,151,87,87,39,86,86,86,146,243,1,236,238,8,228,225,221,255,254,62,218,85,215,20,248,14,251,14,20,21,49,71,71,71,71,71,71,71,71,71,71,71,71,255,230,223,248,253,55,222,228,17,61,13,71,66,71,8,230,55,220,230,237,220,241,252,245,249,218,87,86,164,86,86,86,159,16,237,246,210,244,19,23,13,24,13,19,18,174,196,196,196,196,196,196,196,196,9,18,8,174,196,196,196,196,9,18,8,205,174,174,196,196,196,196,7,229,212,251,229,234,251,238,27,242,22,249,16,237,246,210,237,18,20,25,24,233,18,8,9,8,222,231,19,18,18,9,7,24,87,87,126,86,86,86,177,86,164,179,156,161,178,151,157,156,86,87,120,94,94,94,94,94,94,94,94,167,110,114,208,208,163,188,194,102,209,192,165,161,110,186,191,94,107,94,164,159,154,177,163,120,94,94,94,94,163,156,162,87,120,120,94,94,94,94,177,164,208,198,187,176,110,196,116,196,167,178,157,92,183,156,174,179,178,193,150,159,156,165,163,162,104,193,157,156,156,163,87,87,124,86,86,86,163,155,168,100,150,169,158,155,168,165,159,158,100,166,196,168,181,103,164,181,213,182,201,199,150,101,130,92,92,92,92,92,92,92,92,165,150,92,181,108,104,202,202,153,190,184,116,203,186,151,155,108,192,189,92,157,158,152,92,158,159,168,92,163,192,187,104,201,102,161,170,205,106,167,159,171,102,198,87,87,219,86,86,86,154,37,251,71,67,54,65,229,251,251,251,251,251,251,251,251,251,251,251,251,63,64,60,58,63,251,34,75,60,44,61,44,57,12,251,14,251,73,35,71,82,8,67,82,50,25,38,40,57,1,43,64,76,66,71,66,64,65,251,254,251,85,69,50,23,19,31,10,56,87,86,147,86,86,86,132,245,0,196,217,236,0,237,233,157,179,179,179,179,179,179,179,179,179,179,179,179,246,212,195,234,212,217,234,221,10,225,5,232,255,220,229,193,227,2,6,252,7,252,2,1,179,87,87,165,86,86,86,140,200,197,86,149,207,99,144,211,107,126,189,102,94,106,189,127,144,119,130,145,124,118,119,189,188,121,118,130,132,121,197,122,200,189,189,212,212,206,187,212,188,186,189,210,184,210,188,188,202,121,118,130,132,121,87,87,241,86,86,86,132,17,79,252,54,9,9,255,1,255,7,0,8,6,9,0,2,12,0,2,8,8,13,9,9,9,0,249,4,6,0,255,8,12,0,255,8,6,9,248,12,248,8,8,13,255,255,87,86,149,86,86,86,149,199,193,189,189,199,199,203,192,198,199,190,194,198,199,190,193,189,189,198,203,204,191,198,190,192,189,198,203,194,198,203,190,190,18,208,251,4,7,181,254,210,189,189,189,198,192,199,190,194,199,190,192,189,199,198,194,199,198,190,190,193,184,247,87,88,174,99,27,86,163,78,194,81,78,42,81,181,155,42,78,172,199,168,77,3,103,247,29,173,78,3,220,78,172,186,182,182,30,208,43,195,221,182,56,43,247,56,43,195,195,78,146,246,207,68,78,172,199,172,221,182,182,56,95,108,208,43,195,221,182,56,30,247,56,30,195,195,78,207,68,194,173,78,168,77,3,103,87,86,178,86,86,86,126,239,37,38,36,27,32,25,224,21,26,19,36,218,40,219,210,23,32,22,237,210,36,23,38,39,36,32,210,38,19,20,30,23,224,21,33,32,21,19,38,87,86,104,86,86,86,135,144,202,145,136,205,214,204,145,144,145,197,148,138,196,153,152,154,138,150,150,138,196,153,153,156,138,150,150,138,196,153,153,153,138,150,150,138,196,153,152,161,138,150,150,138,196,159,161,138,87,86,238,86,86,86,151,28,28,16,74,31,30,32,16,28,28,16,74,31,30,32,16,28,28,16,74,31,31,35,16,28,28,16,74,31,30,31,16,28,28,16,74,31,31,36,16,23,22,248,14,14,14,14,14,14,14,14,14,14,14,14,14,14,14,14,102,47,70,97,100,30,87,87,231,86,86,86,173,30,36,81,253,77,21,31,21,52,77,77,56,74,59,7,16,7,46,55,72,24,73,24,77,248,21,31,19,241,7,7,7,7,7,7,7,7,7,7,7,7,7,7,7,7,63,38,31,56,61,247,30,36,81,253,77,21,30,21,52,77,77,56,74,59,7,16,7,46,55,72,24,73,24,77,248,21,30,241,7,7,7,7,7,7,7,7,87,86,138,86,86,86,125,170,170,170,170,179,148,170,170,170,170,170,170,170,170,239,248,238,148,170,170,170,170,239,248,238,179,148,239,248,238,148,148,255,215,228,190,233,203,233,87,86,128,86,86,86,170,205,237,248,185,198,182,168,246,250,214,208,240,183,200,208,207,211,181,208,223,176,197,250,169,138,245,205,218,180,223,193,223,205,237,248,185,198,182,168,232,197,199,207,198,238,178,227,183,199,202,234,211,201,214,184,169,138,245,205,218,180,223,193,223,205,237,248,185,198,182,168,225,248,195,184,193,241,218,200,193,211,169,138,138,87,86,4,86,86,86,153,36,14,112,115,103,101,112,36,99,119,93,107,113,113,52,81,74,112,125,110,78,105,63,36,104,115,36,112,115,103,101,112,36,119,110,106,101,83,118,108,57,80,65,106,101,112,119,105,63,36,99,119,93,107,113,113,52,81,74,112,125,110,78,105,65,119,110,87,86,183,86,86,86,133,29,24,6,41,31,236,3,215,28,37,27,193,35,38,26,24,35,215,253,237,0,45,13,2,8,22,35,37,12,15,32,26,33,16,193,193,35,38,26,24,35,215,34,22,3,255,250,87,87,27,86,86,86,138,214,234,218,216,82,37,247,0,37,59,59,255,0,252,250,255,59,246,229,72,247,215,253,82,10,224,221,2,252,83,78,249,6,1,252,7,2,0,1,67,66,37,255,0,252,250,255,59,217,216,70,222,87,88,9,99,27,86,136,46,216,173,160,16,38,86,172,147,169,34,169,229,242,159,116,38,116,146,116,103,107,198,112,120,20,95,112,81,246,211,246,16,237,42,211,139,169,169,169,169,94,55,169,159,172,237,169,151,164,87,86,52,86,86,86,135,105,129,173,127,104,103,151,133,117,163,102,84,168,156,153,162,84,166,153,168,169,166,162,84,162,157,160,84,153,162,152,62,62,84,84,84,84,160,163,151,149,160,84,131,150,154,121,119,165,87,87,234,86,86,86,178,22,55,80,253,67,252,61,10,255,10,40,41,247,47,67,53,246,253,77,27,43,81,252,4,40,83,80,70,40,83,60,61,54,45,82,83,78,70,18,59,52,22,38,47,2,47,38,80,61,75,58,44,18,18,252,250,21,3,252,15,3,252,19,19,19,244,10,10,10,10,83,72,10,80,81,54,10,49,76,72,39,45,59,22,55,80,253,67,252,61,10,54,87,87,203,86,86,86,128,115,102,113,171,93,102,87,86,93,113,171,113,114,111,171,102,113,103,213,213,171,171,171,171,111,112,108,106,111,171,86,162,92,89,121,162,120,146,124,147,163,175,87,87,41,86,86,86,148,73,252,59,13,0,17,19,252,18,250,221,243,226,15,73,68,73,19,16,21,85,73,20,8,253,17,83,17,252,10,12,47,47,73,73,73,73,11,18,247,73,249,249,10,235,224,243,59,56,65,0,218,64,85,242,54,0,65,232,7,223,19,87,86,248,86,86,86,149,24,97,102,24,87,63,83,32,94,109,102,91,108,97,103,102,32,33,100,103,91,89,100,24,99,53,32,32,49,42,35,44,33,37,44,33,51,100,103,91,89,100,24,90,53,115,32,32,42,40,44,34,41,33,35,32,41,43,37,41,43,33,33,87,86,139,86,86,86,138,183,179,179,179,188,195,196,182,188,188,180,184,188,188,180,182,179,189,189,184,189,189,180,180,183,179,179,188,196,194,182,194,180,184,194,180,183,179,179,189,187,193,182,188,195,180,184,188,195,180,183,179,87,87,44,86,86,86,153,84,84,58,60,55,83,61,55,85,81,61,55,85,83,84,58,60,81,58,60,85,85,1,67,6,15,250,76,21,65,84,84,61,82,61,85,83,84,61,58,81,61,58,85,85,80,75,10,76,8,15,76,16,15,11,13,16,76,246,65,10,227,21,225,81,19,67,87,86,197,86,86,86,130,229,46,43,229,59,1,237,237,237,245,240,246,254,238,242,246,254,238,240,237,247,245,242,247,245,238,238,229,57,45,42,51,229,59,2,59,240,247,250,251,229,42,51,41,87,87,195,86,86,86,149,172,163,101,140,90,134,166,116,111,117,90,89,96,153,100,91,98,117,155,113,154,163,94,89,95,172,163,117,94,111,110,117,89,163,111,98,101,87,94,153,100,88,89,100,98,111,155,101,154,163,94,89,95,154,155,154,134,155,144,178,111,110,143,87,87,218,86,86,86,172,35,34,27,69,13,10,83,6,20,25,55,70,42,62,59,83,55,76,77,2,3,3,250,54,65,228,250,250,250,250,250,250,250,250,67,56,250,33,13,83,18,27,60,52,64,250,80,15,250,30,31,64,41,43,41,63,41,40,68,75,29,69,73,250,59,64,54,250,33,13,83,18,27,60,52,64,0,29,66,59,76,59,61,70,55,76,87,88,182,89,1,86,147,22,217,0,226,22,163,79,33,94,121,220,196,0,64,127,238,217,12,217,223,18,229,12,100,136,241,0,226,136,241,12,15,18,127,238,241,250,226,46,9,148,178,130,157,94,157,130,0,15,217,6,124,46,46,76,70,55,73,70,70,61,87,87,11,86,86,86,149,218,219,219,242,242,242,235,23,51,38,49,21,235,235,235,235,235,235,235,235,235,235,235,235,47,48,44,42,47,235,22,49,58,54,220,42,66,51,79,218,39,235,222,235,243,80,220,34,227,74,45,69,49,241,76,51,42,29,42,44,23,38,29,87,86,223,86,86,86,160,13,39,84,76,64,77,78,72,67,49,78,78,83,47,64,81,83,13,47,78,82,72,83,72,78,77,255,12,255,46,65,69,36,34,80,51,84,77,18,88,17,82,13,47,78,82,72,83,72,78,77,8,13,44,64,70,77,72,83,84,67,68,233,255,255,255,255,255,255,255,255,255,255,255,87,88,243,105,113,86,124,83,190,133,83,162,29,246,66,188,38,142,171,151,150,95,83,103,83,162,245,95,238,171,29,162,48,200,47,189,0,209,83,143,171,114,29,177,83,87,87,40,86,86,86,175,72,72,72,72,72,72,72,72,72,72,72,72,72,72,72,253,58,12,1,16,18,253,19,251,220,242,227,14,72,69,72,253,18,217,221,55,9,225,16,244,57,12,46,72,72,72,72,72,72,72,72,72,72,72,72,72,72,72,72,253,65,247,250,218,65,219,241,215,240,64,72,69,72,243,55,1,64,233,6,222,18,46,72,72,72,72,72,72,72,87,87,171,86,86,86,131,203,203,203,203,203,134,145,135,181,203,203,203,203,203,203,203,203,134,145,135,181,203,203,203,203,134,145,135,181,181,203,203,203,203,125,134,119,118,125,145,203,118,194,124,121,87,86,160,86,86,86,164,246,217,247,233,243,232,216,170,192,192,5,14,4,170,192,192,12,15,3,1,12,192,22,250,241,208,237,11,226,9,215,24,234,236,221,209,170,192,192,12,15,3,1,12,192,26,214,232,249,26,210,13,228,7,23,242,219,192,4,15,192,12,15,3,1,12,192,18,5,11,232,236,17,3,15,250,221,27,87,87,30,86,86,86,162,11,73,62,8,84,214,231,8,80,251,226,5,21,240,75,16,3,249,214,218,15,1,253,232,62,3,252,2,24,62,62,8,84,214,231,8,80,251,226,5,21,240,233,54,54,79,57,79,79,55,59,79,79,55,235,75,4,19,252,1,18,247,253,252,54,60,60,60,55,62,16,3,18,19,16,252,87,86,36,86,86,86,130,68,137,110,91,136,104,134,93,149,115,102,141,135,92,76,82,82,82,77,68,137,146,136,46,68,68,143,131,112,108,103,105,117,101,107,93,97,138,153,146,135,152,141,147,87,87,22,86,86,86,140,4,62,68,68,68,63,32,54,54,54,54,2,5,249,247,2,54,220,252,3,14,1,239,15,226,77,5,228,83,62,62,71,65,72,63,67,72,63,32,54,54,54,54,13,254,255,2,251,54,10,8,11,251,54,87,87,59,86,86,86,140,215,224,69,27,27,27,27,27,27,226,217,27,249,217,222,243,228,18,242,255,40,224,1,46,46,35,35,42,37,42,34,36,35,41,30,41,34,34,27,231,227,214,225,69,27,27,27,27,27,27,27,27,237,214,87,88,224,91,35,86,144,36,41,26,6,128,66,238,72,157,66,218,1,52,227,51,122,167,46,162,117,208,97,247,42,237,243,56,82,92,177,168,198,198,198,173,18,128,128,128,128,128,128,217,252,31,217,18,128,128,128,128,128,128,128,128,26,217,36,87,86,152,86,86,86,142,13,10,6,184,6,1,4,162,184,184,184,184,184,184,253,6,252,162,184,184,184,184,253,6,252,162,184,184,253,6,252,162,253,6,252,162,162,231,8,206,218,13,202,242,255,192,247,223,243,192,254,13,6,251,12,1,87,88,184,99,27,86,166,91,78,192,205,52,91,191,165,52,88,39,209,192,192,144,105,231,92,205,1,92,205,183,52,91,191,165,52,88,178,209,247,192,192,66,40,53,218,53,205,231,192,53,79,1,53,79,205,205,244,192,192,53,144,66,218,53,205,231,192,66,53,1,66,53,205,205,244,192,192,66,40,40,231,53,131,205,1,53,131,87,88,46,105,113,86,169,57,114,38,38,209,105,228,76,209,57,95,38,247,133,247,57,57,117,143,192,107,164,142,249,181,38,38,209,76,209,57,95,38,67,133,67,57,57,114,199,116,142,154,107,142,50,107,135,97,50,142,240,181,116,239,249,21,133,31,143,142,249,192,142,240,162,190,142,202,230,173,88,142,240,181,240,95,228,29,48,142,173,88,87,86,29,86,86,86,159,129,88,61,127,120,134,122,90,144,145,143,134,139,132,75,128,133,126,143,69,147,70,61,130,139,129,88,61,143,130,145,146,143,139,61,145,126,127,137,130,75,128,140,139,128,126,145,69,127,70,61,130,139,129,70,69,70,122,73,69,131,146,139,128,145,134,140,139,69,70,137,140,128,87,87,242,86,86,86,165,83,70,18,77,247,10,10,3,5,251,12,3,11,13,10,5,7,5,11,11,253,70,73,85,83,70,18,84,247,61,10,10,10,4,255,254,13,3,1,11,7,3,1,11,13,10,3,251,7,3,251,11,11,6,10,10,4,255,3,12,3,11,13,10,0,7,0,11,11,6,10,10,4,5,0,12,3,11,13,87,87,54,86,86,86,146,30,43,35,43,31,31,34,30,30,40,32,39,31,33,30,39,42,35,39,42,31,31,34,30,30,40,42,47,33,39,44,31,35,39,44,31,243,49,220,229,232,22,223,51,30,30,39,32,39,31,33,30,40,39,35,40,39,31,31,34,87,86,148,86,86,86,145,183,246,180,248,3,180,0,3,247,245,0,180,10,209,246,239,253,241,193,255,207,180,253,250,180,10,208,196,180,8,252,249,2,180,10,209,10,191,198,201,202,180,249,2,248,207,180,246,239,253,241,209,7,8,6,253,2,251,194,87,88,198,103,71,86,152,89,174,55,88,110,156,127,230,123,20,106,177,230,88,123,122,139,88,20,230,122,55,72,242,123,212,89,37,20,89,55,122,110,72,127,230,123,20,106,127,110,127,127,110,140,139,20,89,122,191,37,20,110,127,112,230,230,230,230,173,174,191,242,123,230,122,87,88,211,105,113,86,156,73,130,82,51,63,16,145,51,51,51,51,51,51,51,51,176,35,213,185,130,137,129,120,203,176,35,213,185,130,137,129,120,203,224,24,23,89,167,118,118,213,167,14,232,167,118,118,194,167,118,99,232,89,222,23,203,101,130,253,44,111,158,16,253,203,222,215,16,44,6,87,88,19,105,113,86,165,23,115,4,154,201,201,116,23,80,108,70,23,115,89,154,52,11,11,182,239,182,68,201,30,106,201,30,87,11,11,182,182,78,49,182,30,68,11,182,59,106,182,59,30,30,87,11,11,182,201,40,68,220,30,106,220,30,87,11,11,182,220,59,49,182,30,68,11,201,163,106,201,163,30,30,90,116,165,80,87,87,105,86,86,86,144,183,137,208,132,145,145,120,142,120,128,144,148,120,128,144,149,134,199,137,205,210,137,213,210,198,200,213,137,187,132,199,158,208,164,148,206,126,137,208,203,137,187,133,145,145,121,143,120,144,142,145,120,125,148,120,125,144,144,87,86,99,86,86,86,142,131,215,203,200,209,131,217,160,217,142,139,139,149,152,153,141,148,140,142,139,151,144,151,140,140,131,200,209,199,158,131,197,190,204,192,160,214,215,213,204,209,202,145,198,203,196,213,139,217,140,131,200,209,199,158,131,87,88,33,97,249,86,156,7,120,29,40,7,219,129,29,76,87,197,120,27,98,230,219,98,76,29,217,87,228,129,120,219,109,228,217,228,228,217,49,27,60,228,143,143,129,129,129,129,129,129,129,129,164,131,129,54,18,244,142,208,208,49,112,35,197,84,175,79,120,129,29,153,120,219,143,129,129,87,86,29,86,86,86,170,61,61,61,61,61,61,61,61,61,61,137,140,128,126,137,61,114,124,101,77,84,98,111,138,95,151,116,81,61,90,61,105,106,139,116,110,116,138,116,115,135,142,96,136,148,75,96,133,126,143,126,128,145,130,143,39,61,61,61,61,61,61,61,61,61,61,61,61,134,131,61,114,124,101,77,84,98,111,138,95,151,116,81,61,87,86,4,86,86,86,178,120,108,105,114,14,36,36,36,36,36,36,36,36,36,36,36,36,36,36,36,36,112,115,103,101,112,36,86,56,59,117,91,112,36,65,36,89,99,76,52,59,73,86,113,70,126,91,56,62,74,109,114,104,74,109,118,119,120,71,108,109,112,104,44,117,78,88,72,81,60,81,72,114,119,101,116,70,44,44,54,53,47,53,52,61,49,53,52,61,45,45,45,87,88,98,93,13,86,177,168,66,66,66,66,66,66,66,66,66,66,66,66,66,66,66,66,86,107,23,9,86,66,174,128,149,170,30,9,220,66,13,66,79,251,118,90,55,69,153,41,83,241,122,129,168,168,66,66,66,66,66,66,66,66,66,66,66,66,66,66,66,66,65,44,66,160,206,227,121,195,86,66,9,100,30,66,174,128,149,170,30,9,220,66,9,100,30,66,174,128,87,88,155,89,1,86,129,250,3,199,190,61,37,100,211,190,241,190,196,247,202,241,251,247,211,202,229,185,251,251,251,251,251,251,251,251,251,251,251,251,251,251,251,251,251,251,251,251,223,232,87,87,209,86,86,86,145,110,112,109,177,112,160,111,161,107,177,156,177,133,95,100,89,117,112,163,171,142,105,112,95,112,110,101,116,95,151,147,104,107,117,147,104,95,94,101,142,105,104,109,117,169,96,135,133,149,140,153,140,149,107,94,112,97,143,169,87,88,239,103,71,86,140,151,65,31,202,99,184,236,99,184,168,168,168,153,153,15,15,15,15,15,15,15,15,15,15,15,15,15,15,15,15,15,15,15,15,232,181,15,96,48,113,31,61,15,163,215,164,61,153,15,15,15,15,15,15,87,87,22,86,86,86,129,54,54,54,54,54,54,54,54,54,54,54,54,54,54,54,54,54,54,255,252,54,220,76,223,12,236,225,231,245,2,4,235,238,255,249,0,239,54,10,254,251,4,32,87,88,99,103,71,86,138,131,131,131,131,131,131,131,131,131,131,131,131,131,131,131,131,131,131,131,131,131,131,131,131,131,131,131,131,9,249,60,57,25,94,196,178,143,177,8,59,92,246,109,76,61,214,212,177,246,24,143,11,87,86,247,86,86,86,132,32,1,23,23,23,23,23,23,23,23,23,23,23,23,23,23,23,23,23,23,23,23,23,23,23,23,92,101,91,1,1,23,23,23,23,23,23,23,23,23,23,23,23,23,23,23,87,86,114,86,86,86,161,146,146,146,146,146,146,146,146,146,222,225,213,211,222,146,231,165,170,224,182,146,175,146,154,211,163,212,162,224,160,194,225,229,219,230,219,225,224,146,159,146,196,166,169,227,201,222,160,194,225,229,219,230,219,225,224,155,160,191,211,217,224,219,230,231,214,215,124,146,146,146,146,146,146,146,87,87,154,86,86,86,177,186,186,186,186,186,186,186,186,186,186,186,186,186,186,186,186,186,126,129,125,123,126,186,134,210,114,138,107,141,113,186,207,186,97,138,200,92,135,204,116,121,194,113,89,117,194,120,135,128,125,134,131,129,128,194,195,126,129,125,123,126,186,133,207,194,194,194,204,203,201,197,203,199,195,191,203,199,195,197,194,204,205,191,204,205,195,195,213,126,129,125,87,86,59,86,86,86,131,156,167,91,157,120,182,99,99,114,107,102,110,100,104,110,100,103,99,99,112,115,102,108,111,100,104,108,111,100,103,99,99,114,114,102,112,100,104,112,100,103,99,99,113,112,87,87,158,86,86,86,125,185,207,206,183,187,207,206,183,139,201,132,125,144,190,119,203,182,182,207,184,207,183,185,182,207,206,187,207,206,183,183,186,193,128,190,130,125,190,122,87,87,220,86,86,86,150,63,59,61,64,252,70,17,58,51,69,49,1,67,19,252,69,54,252,70,16,4,4,4,12,3,21,5,1,21,5,3,4,21,1,21,5,5,252,72,68,57,62,252,70,17,70,3,4,4,10,9,6,2,13,5,3,4,8,1,8,5,5,252,57,87,87,114,86,86,86,147,200,206,125,146,212,157,203,151,119,197,190,196,203,200,209,136,213,202,211,196,138,192,139,146,207,200,206,125,146,196,207,190,191,196,200,146,190,211,212,198,207,136,213,201,200,213,211,190,138,212,139,146,207,200,206,139,138,139,151,134,138,87,88,223,105,113,86,136,113,142,9,56,123,170,28,9,215,234,227,28,56,18,227,63,208,102,215,215,168,26,16,130,206,234,54,130,206,234,64,227,28,56,18,227,63,37,102,0,215,215,130,168,7,16,130,244,234,54,87,87,239,86,86,86,137,254,4,6,11,254,3,4,11,7,7,254,0,5,9,254,6,8,7,254,5,10,254,5,6,6,11,7,7,254,3,247,8,254,5,6,10,254,5,6,11,7,7,254,2,254,8,254,246,6,10,254,87,87,224,86,86,86,154,9,249,77,7,66,59,78,0,57,13,248,248,17,247,17,18,249,253,17,18,249,252,255,62,0,68,59,0,60,59,63,65,60,0,82,13,62,39,57,45,253,55,7,0,57,66,0,82,12,248,248,16,246,17,249,247,248,14,14,253,14,14,249,249,0,84,56,69,87,87,123,86,86,86,165,161,91,169,110,169,100,99,99,99,109,102,105,100,102,98,94,102,98,100,99,102,94,102,98,98,91,150,161,151,116,91,157,212,162,206,110,172,167,173,162,161,152,97,156,163,154,173,99,169,98,91,150,161,151,116,91,173,150,167,166,173,161,91,167,154,157,159,150,97,156,160,161,156,154,167,99,157,98,91,87,88,184,109,253,86,152,203,154,180,103,80,103,103,80,59,77,192,154,212,152,241,152,80,80,80,54,123,149,123,103,195,123,103,149,80,215,195,215,103,103,172,152,8,218,54,123,172,152,31,103,158,158,152,152,152,152,152,152,152,152,152,152,152,152,152,152,152,152,152,152,152,152,87,88,205,99,27,86,138,109,109,109,109,91,139,130,203,43,156,234,160,73,99,30,69,34,212,47,82,109,230,109,60,112,113,52,238,82,56,86,251,216,186,191,52,151,238,186,177,238,213,79,109,109,109,109,109,109,109,109,109,87,88,144,103,71,86,138,176,176,176,176,176,176,176,176,176,176,176,176,176,176,176,176,176,176,176,2,4,55,17,87,188,124,58,176,176,176,176,176,176,176,176,176,176,176,176,176,176,176,176,176,176,176,176,176,176,176,176,176,87,87,246,86,86,86,168,214,214,214,69,38,236,56,43,232,80,29,222,85,61,81,222,28,43,36,25,42,31,37,36,222,223,34,37,25,23,34,214,33,243,222,222,234,230,224,231,223,225,222,231,236,227,231,236,223,223,241,34,37,25,23,34,214,24,243,49,222,222,231,232,234,224,231,223,225,222,232,233,227,232,233,223,223,226,222,222,222,231,87,86,107,86,86,86,140,160,164,150,163,148,152,163,148,150,147,156,163,152,156,163,148,148,151,147,147,156,159,156,150,164,148,152,164,148,151,156,159,156,151,147,147,147,156,160,155,150,156,157,148,152,156,157,148,150,147,156,161,152,156,87,87,116,86,86,86,159,126,141,141,136,140,140,140,133,133,131,139,133,126,141,137,133,126,141,139,140,131,137,131,141,141,136,140,140,133,129,132,138,133,141,139,140,130,131,137,130,131,141,141,136,140,140,133,128,130,139,133,128,141,137,133,128,141,136,133,129,133,185,123,206,199,194,148,205,121,140,140,133,138,87,87,142,86,86,86,161,95,103,105,102,97,107,97,103,103,106,113,176,110,178,173,110,170,173,177,175,170,110,164,91,176,185,167,187,107,169,89,110,167,180,110,164,90,102,102,94,105,95,95,103,107,95,95,103,110,162,166,179,172,110,164,91,164,105,102,102,96,99,100,104,95,103,105,102,86,107,86,103,103,110,179,87,88,51,103,71,86,173,129,215,30,83,181,62,44,96,64,214,231,197,44,129,10,65,198,27,164,197,219,9,236,83,232,129,215,30,83,197,232,231,248,197,129,83,231,164,181,95,232,65,198,146,129,198,164,231,219,181,236,83,232,129,215,236,219,236,96,31,219,249,248,129,198,231,44,146,129,219,236,95,146,198,164,95,83,78,64,219,219,235,201,14,116,218,236,87,87,100,86,86,86,129,121,149,143,125,139,184,183,195,197,184,132,194,137,203,124,124,149,141,142,123,149,144,125,121,149,144,125,120,149,140,143,120,124,124,146,148,145,123,149,142,125,121,149,87,87,118,86,86,86,140,108,95,179,113,156,165,168,86,159,115,94,94,103,96,103,95,97,94,111,99,111,95,95,98,89,152,86,154,165,86,162,165,153,151,162,86,172,115,152,209,159,211,99,161,113,86,159,156,86,172,114,94,94,102,87,86,43,86,86,86,128,86,92,99,84,88,92,99,84,75,159,147,144,153,75,161,104,161,86,83,83,93,96,97,86,95,84,88,95,84,75,144,153,143,102,75,141,134,148,136,104,158,159,87,87,233,86,86,86,158,55,80,83,74,19,70,81,72,55,17,59,16,9,76,83,77,254,9,55,76,61,60,55,83,9,61,72,71,85,76,19,70,82,83,70,72,61,17,71,16,9,76,83,77,16,17,16,16,17,61,1,33,57,24,54,34,21,9,44,83,60,84,19,44,72,54,80,83,74,22,61,64,87,86,44,86,86,86,133,152,145,90,120,149,154,145,141,158,85,88,54,76,76,76,76,76,76,76,76,76,76,76,76,76,76,76,76,76,76,76,76,76,76,76,76,76,76,76,76,167,111,114,158,141,153,145,87,87,220,86,86,86,168,252,17,252,61,13,58,12,62,254,27,22,74,61,65,57,81,226,252,252,252,252,252,252,252,252,252,252,252,252,252,252,252,252,252,252,252,252,252,252,252,252,5,226,226,252,252,252,252,252,252,252,252,252,252,252,252,252,252,252,252,252,252,252,252,252,252,252,252,22,6,37,70,38,35,45,47,64,62,41,52,69,59,87,88,38,99,27,86,157,136,171,24,54,162,19,75,46,59,168,198,198,198,198,198,198,198,198,198,198,198,198,198,198,198,198,198,198,198,198,71,188,58,168,198,198,198,198,198,198,198,198,198,198,198,198,198,198,198,198,71,188,58,168,198,198,198,198,198,198,198,198,198,198,198,198,71,188,58,168,198,87,87,232,86,86,86,129,8,8,8,8,8,8,8,77,82,76,238,8,8,8,8,77,82,76,238,77,82,76,17,238,238,65,71,71,78,252,23,79,85,44,251,29,246,252,74,18,53,83,61,87,86,221,86,86,86,177,80,66,31,82,81,81,76,75,14,32,73,70,64,72,23,32,76,75,75,66,64,81,5,67,82,75,64,81,70,76,75,5,6,231,253,253,253,253,60,80,54,68,74,74,13,42,35,73,86,71,39,66,253,26,253,75,76,81,253,60,80,54,68,74,74,13,42,35,73,86,71,39,66,231,231,253,253,253,253,70,67,253,60,80,54,68,74,74,13,42,35,87,88,51,103,71,86,149,95,60,61,29,232,83,231,27,232,129,221,83,83,83,83,83,83,83,83,60,198,198,61,167,182,78,112,183,218,216,133,167,249,65,199,232,43,231,83,64,83,180,29,199,183,80,235,80,183,129,214,164,163,149,219,219,133,133,14,116,116,201,48,87,86,233,86,86,86,163,26,26,31,18,18,243,9,9,9,9,9,9,9,9,98,76,76,83,29,60,84,86,45,32,62,27,29,79,23,43,74,76,84,80,91,88,94,87,77,44,88,85,88,91,28,9,38,9,56,89,31,43,94,27,67,80,17,72,48,68,17,79,94,87,76,93,82,88,87,17,18,85,88,76,74,85,9,87,86,182,86,86,86,157,33,243,232,231,234,241,34,37,25,23,34,214,24,243,49,222,222,222,232,235,225,234,223,227,234,223,225,222,231,237,227,231,237,223,223,226,222,222,222,236,239,225,235,223,227,235,223,225,222,231,232,227,231,232,223,223,226,222,222,236,236,224,231,223,225,222,237,227,237,223,223,87,88,248,105,113,86,144,60,240,240,250,51,41,13,3,79,13,3,60,240,240,240,13,174,41,155,136,3,79,155,136,3,41,240,32,79,32,3,3,60,240,240,51,41,155,155,3,79,155,155,3,63,89,138,53,110,88,195,127,155,60,145,62,88,100,87,86,104,86,86,86,147,215,136,212,215,203,201,212,136,222,165,202,195,209,197,149,211,163,136,209,206,136,222,164,144,144,152,146,153,145,147,144,153,157,149,153,157,145,145,136,220,208,205,214,136,222,165,222,147,144,144,144,154,157,158,147,157,145,149,157,145,147,87,88,108,103,71,86,152,20,173,241,105,173,241,37,37,140,33,186,16,87,140,238,119,101,153,121,15,32,254,101,186,67,122,255,84,221,254,20,66,37,140,33,186,16,87,140,254,33,32,49,254,186,140,32,221,238,152,33,122,255,203,186,255,221,32,20,238,37,140,33,186,16,37,87,86,111,86,86,86,170,151,152,204,155,151,213,228,221,210,227,216,222,221,151,152,219,222,210,208,219,143,218,172,151,151,151,160,164,160,154,160,165,152,156,160,165,152,154,151,164,156,164,152,152,170,219,222,210,208,219,143,209,172,234,151,151,161,164,162,153,160,152,154,151,168,156,168,152,152,155,151,151,151,168,154,160,162,152,156,160,162,152,154,151,87,88,183,107,147,86,161,188,58,104,188,58,20,20,83,255,255,37,62,188,188,20,104,188,188,20,83,251,83,209,230,230,83,255,255,209,209,209,41,188,20,62,255,79,104,79,20,20,83,255,255,209,188,58,62,188,251,20,104,188,251,20,248,142,21,210,17,87,84,184,255,255,255,188,62,188,37,20,104,188,37,20,87,88,180,107,147,86,159,59,252,206,227,101,206,227,17,17,80,147,190,84,232,207,84,144,207,211,169,144,84,98,181,190,43,81,85,101,123,139,84,81,18,84,98,160,252,252,164,59,185,248,17,101,185,248,17,84,56,60,253,186,84,98,181,98,59,252,252,206,13,34,38,185,17,59,252,206,164,101,206,164,87,88,19,107,147,86,152,112,112,179,92,25,71,234,179,29,138,176,180,20,130,151,109,176,25,134,217,50,155,8,109,91,193,112,179,92,25,71,234,179,109,92,151,172,109,25,179,151,8,29,239,92,217,50,46,25,50,8,151,91,29,112,179,92,25,71,112,91,112,112,91,91,91,87,87,225,86,86,86,158,17,247,16,248,246,249,20,252,20,248,248,253,249,249,16,18,17,246,14,248,252,14,248,253,249,249,17,246,18,248,252,18,248,248,215,1,1,1,1,68,61,78,68,215,1,1,1,1,1,1,1,1,72,62,62,55,21,46,54,60,37,18,52,15,21,67,251,53,68,73,85,1,87,86,187,86,86,86,159,248,219,44,5,15,255,8,243,8,255,41,46,28,43,253,227,227,236,236,230,236,235,232,236,235,228,228,197,219,219,219,219,219,219,219,219,52,30,30,37,239,14,38,40,255,242,16,237,239,33,233,253,28,30,38,34,45,42,48,41,31,254,42,39,42,45,238,219,248,219,10,43,241,87,88,115,91,35,86,125,189,188,109,53,118,59,78,214,58,59,113,188,153,98,183,128,158,153,59,64,143,158,98,88,143,19,138,164,59,59,129,139,69,104,64,74,59,104,124,87,88,218,103,71,86,142,215,27,95,147,147,197,6,57,109,75,6,250,92,231,5,130,130,27,61,95,164,27,147,181,130,95,215,95,147,147,198,130,130,27,129,163,181,27,112,147,215,27,112,147,198,130,130,27,129,112,164,27,147,181,130,44,87,87,50,86,86,86,173,68,71,68,68,75,75,70,67,65,59,70,74,74,74,67,58,68,77,67,66,75,71,67,66,75,77,74,67,69,71,67,69,75,75,70,67,67,59,247,61,16,9,4,82,11,55,74,74,67,76,67,75,77,74,67,62,71,67,62,75,75,70,85,20,82,14,9,82,6,9,21,19,6,82,0,55,20,221,11,215,71,13,61,82,11,16,82,87,86,52,86,86,86,160,170,112,92,92,100,95,104,93,97,104,93,84,168,156,153,162,84,170,113,170,95,92,92,92,102,105,106,95,107,93,97,107,93,95,92,106,97,106,93,93,84,153,162,152,111,84,150,143,157,145,113,167,168,166,157,162,155,98,151,156,149,166,92,170,93,84,153,162,152,111,84,166,153,168,87,88,234,99,27,86,170,219,180,128,138,206,215,228,102,11,64,241,141,128,241,215,206,242,228,255,138,11,128,254,255,242,255,163,38,242,24,219,128,241,206,63,141,128,242,255,102,141,241,215,102,138,89,3,242,242,207,181,12,103,255,25,242,103,155,51,103,155,255,255,233,102,141,241,215,102,138,228,3,41,242,242,242,103,207,207,25,103,129,255,51,87,86,161,86,86,86,157,210,212,202,204,201,210,218,206,210,218,202,202,205,201,201,211,210,210,204,210,212,202,206,210,212,202,205,201,201,211,209,217,204,210,214,202,206,210,214,202,205,201,201,211,209,215,204,212,202,206,212,202,205,210,216,218,205,201,201,201,210,215,217,204,217,202,206,217,202,204,201,87,87,195,86,86,86,152,180,150,180,154,154,151,155,155,178,177,180,156,174,154,150,174,154,102,172,97,88,117,163,90,166,155,155,178,156,178,179,154,150,178,179,154,151,164,101,163,95,88,163,87,88,100,98,87,163,113,166,101,140,90,134,150,92,172,163,90,97,163,113,167,179,163,87,87,252,86,86,86,156,40,36,25,30,220,38,241,38,227,228,228,228,234,233,230,227,237,244,229,225,237,244,229,227,228,234,234,225,234,234,229,229,220,25,30,24,243,220,26,83,37,81,241,43,40,42,37,30,23,222,27,36,29,42,228,38,229,220,25,30,24,243,220,42,25,40,41,42,30,220,87,88,103,105,113,86,157,3,154,173,107,230,209,192,164,145,192,154,3,95,173,114,199,230,145,211,114,95,114,114,95,95,95,10,124,247,152,143,114,190,143,114,171,247,171,95,95,95,247,152,29,114,190,29,114,152,95,10,124,190,10,124,114,114,114,37,37,199,199,199,199,199,199,199,199,50,249,199,87,88,57,97,249,86,141,59,139,92,75,235,114,180,78,221,243,224,1,188,122,199,12,153,53,177,144,243,167,153,153,153,153,153,153,153,153,153,153,153,153,59,139,92,75,235,114,180,78,221,243,224,1,188,122,199,12,183,26,100,243,122,87,88,174,109,253,86,163,193,98,70,93,148,142,142,142,142,142,142,142,142,142,142,142,142,248,136,61,72,104,107,245,55,98,144,81,150,29,147,52,173,142,41,142,144,29,98,148,142,142,142,142,142,142,142,142,193,144,170,148,142,142,142,142,193,144,170,148,193,144,170,93,148,98,167,147,101,98,142,176,254,130,55,107,121,87,86,157,86,86,86,152,252,244,245,252,229,5,212,245,216,189,1,12,189,9,12,0,254,9,189,231,235,222,22,23,254,13,206,21,242,207,218,24,248,14,231,241,225,234,213,234,225,11,16,254,13,223,197,197,207,208,200,206,206,212,202,206,206,212,198,198,250,218,222,240,205,224,87,86,182,86,86,86,149,14,15,12,237,232,253,12,14,16,1,51,241,214,4,230,2,21,1,35,21,13,14,21,254,30,237,14,243,0,4,247,47,48,23,38,231,46,11,232,214,27,36,26,192,34,37,25,23,34,214,28,43,36,25,42,31,37,36,214,250,6,7,254,87,86,150,86,86,86,169,206,10,14,250,2,240,237,225,248,190,1,194,196,196,196,191,160,182,182,2,5,249,247,2,182,252,211,228,198,226,245,225,3,245,237,238,245,222,254,205,238,241,1,243,160,182,182,255,252,182,252,182,247,4,250,182,190,190,190,190,205,193,199,199,191,195,199,199,191,192,190,190,190,199,199,193,199,202,191,195,199,202,191,87,87,118,86,86,86,132,97,94,107,99,107,95,95,95,99,94,94,94,94,109,97,103,103,95,99,103,103,95,97,94,103,103,99,103,103,95,95,96,103,103,95,95,115,115,94,94,102,96,103,95,97,94,87,87,192,86,86,86,127,177,175,157,177,175,153,153,160,116,88,101,90,160,110,101,116,117,110,90,160,139,131,135,152,98,117,90,95,116,89,91,90,152,153,92,91,95,97,92,160,87,87,87,218,86,86,86,152,15,2,2,11,8,11,4,11,3,5,2,11,12,255,11,12,3,3,21,62,65,61,59,62,250,60,15,85,2,2,2,9,5,11,19,3,255,11,19,3,5,2,11,6,255,11,6,3,3,79,21,56,65,76,250,67,15,2,2,11,4,11,3,5,2,11,87,88,182,93,13,86,136,27,241,13,27,213,213,234,171,100,150,114,191,150,170,191,107,93,170,150,240,97,100,51,149,65,241,163,83,150,149,128,150,240,90,206,206,206,6,227,55,213,241,55,213,227,206,69,241,69,213,87,88,175,103,71,86,138,104,207,99,151,100,253,207,133,188,133,138,87,87,1,52,69,121,240,104,138,87,240,1,172,240,1,104,104,207,100,253,83,154,207,49,186,168,220,188,82,99,65,168,253,134,189,66,151,32,65,87,133,87,87,217,86,86,86,159,0,249,60,67,61,14,249,71,60,77,76,71,67,249,77,56,55,69,60,3,54,66,67,54,56,77,1,55,0,249,60,67,61,0,1,0,52,1,3,3,3,0,249,60,67,61,223,249,249,71,60,77,76,71,67,249,67,64,69,223,60,67,61,223,64,59,249,59,56,69,70,60,249,87,86,0,86,86,86,130,116,104,101,110,32,68,80,81,72,56,116,120,100,108,90,87,75,98,40,113,74,84,68,77,56,77,68,110,115,97,112,66,40,40,50,52,43,51,55,45,51,55,41,41,87,86,238,86,86,86,162,23,14,83,92,82,248,14,14,14,14,55,85,33,72,39,56,70,55,49,81,64,43,31,30,36,37,248,14,14,83,90,97,83,248,14,14,14,14,80,96,83,79,89,248,14,14,83,92,82,248,14,14,87,84,14,68,37,39,37,30,95,65,72,104,82,65,67,47,44,32,14,79,92,82,14,55,87,87,33,86,86,86,162,2,78,231,72,215,233,216,222,254,239,76,76,82,83,72,65,21,249,4,251,65,216,2,78,231,72,215,233,216,222,254,239,76,80,81,83,82,65,4,251,5,23,4,251,5,23,65,65,4,253,14,4,248,3,65,57,57,57,220,222,232,217,73,221,251,218,60,220,222,232,217,73,221,251,218,56,87,87,137,86,86,86,149,110,88,112,100,100,87,112,105,157,177,172,179,143,105,105,105,105,181,178,166,168,181,105,188,170,187,182,86,178,89,86,203,170,100,89,143,105,105,105,105,154,177,176,181,172,105,188,170,187,182,86,178,89,86,203,170,101,88,105,173,178,105,188,87,86,109,86,86,86,141,212,195,192,160,220,157,160,179,212,170,194,212,195,192,160,220,157,160,179,212,152,158,141,210,219,209,119,141,141,210,217,224,210,119,141,141,141,141,217,220,208,206,217,141,194,212,195,192,160,220,157,160,179,212,170,87,88,143,103,71,86,148,55,208,3,106,225,191,72,140,55,208,3,106,225,191,72,57,175,175,175,175,136,85,175,52,102,69,18,242,238,191,242,53,102,237,156,191,175,67,119,68,221,175,52,102,69,18,242,238,191,242,53,102,156,52,102,69,18,242,238,191,242,53,87,87,10,86,86,86,103,41,245,219,234,39,48,38,20,234,234,39,48,38,20,39,48,38,88}},{k=9,b={125}},{k=67,b={181,166,136,175,174,121,124,118,154,182,179,119,187}},{k=61,b={141,117,136,168,180,165,130,150,114,180,141,159,114,137,166}}}
_G["kZF8iemD2wxqte"]=function(i)
  local e=_G["gsPA4oUj"][i]
  local t={}
  for j=1,#e.b do
    local v=e.b[j]-e.k
    if v<0 then v=v+256 end
    t[j]=string.char(v)
  end
  local out=table.concat(t)
  local nk=((e.k*33)+17)%251+1
  local nb={string.byte(out,1,#out)}
  for j=1,#nb do nb[j]=(nb[j]+nk)%256 end
  e.k=nk; e.b=nb
  return out
end
local function G5i5fE6T3Yb()
  if type(_G["n93C37VK9"])~="function" then return false end
  if type(_G["gsPA4oUj"])~="table" then return false end
  return true
end
do
  if not G5i5fE6T3Yb() then
    local __t=nil
    __t()
  end
end
local function w0eDEjW(x)
  local eFlWr_4g=(x*9)-(x*9)
  local EGO6uz_=(eFlWr_4g+40)-40
  if EGO6uz_~=0 then return x end
  return x
end
w0eDEjW(1)
do local eFlWr_4g=1; local EGO6uz_=1; if (eFlWr_4g+EGO6uz_)==3 then eFlWr_4g=eFlWr_4g+1 end end
do local _qNMUPlU=0; while _qNMUPlU<1 do _qNMUPlU=_qNMUPlU+1 end end
do local nv_XgdPL=1; local e2sXEbzr=0
  while true do
    if nv_XgdPL==1 then
      e2sXEbzr=e2sXEbzr+1
      if ((e2sXEbzr*21)-(e2sXEbzr*21))==0 then nv_XgdPL=2 else nv_XgdPL=3 end
    elseif nv_XgdPL==2 then
      if (49-49)~=0 then e2sXEbzr=e2sXEbzr+9 end
      break
    else
      break
    end
  end
end
repeat local Wcmx3vz9=0; Wcmx3vz9=Wcmx3vz9+1 until Wcmx3vz9>0
local ZrxLClny_Us3z="\28\29\58\30\198\27\64\102\135\88\154\154\126\135\99\93\126\154\132\9\51\63\205\141\214\126\132\87\241\208\214\88\154\154\126\135\99\93\126\154\45\202\162\159\28\27\62\27\27\27\66\179\164\151\151\128\111\174\141\123\114\110\72\94\94\167\164\94\102\102\102\172\131\145\149\111\175\114\170\172\157\104\143\110\182\181\179\164\151\151\28\27\155\27\27\27\116\221\204\11\234\196\200\195\9\224\238\242\204\12\207\7\9\250\197\236\203\19\18\16\1\244\244\221\204\11\234\196\196\216\216\203\196\187\252\9\255\187\195\195\195\195\9\224\238\242\204\12\207\7\9\250\198\236\203\19\18\16\1\244\244\221\204\11\234\196\197\207\196\200\195\195\9\224\238\242\204\12\207\7\9\250\197\207\196\198\28\29\43\38\190\27\105\227\166\59\83\72\50\141\254\254\1\70\251\144\249\103\238\238\238\202\202\59\238\139\39\163\130\229\153\207\240\108\86\207\139\28\155\81\92\185\229\174\155\254\166\202\70\59\103\153\207\240\108\86\207\139\111\133\125\218\67\94\155\232\232\155\70\202\59\153\72\163\174\207\130\139\39\17\50\28\27\189\27\27\27\91\34\221\33\44\199\221\221\38\35\221\48\13\239\240\39\43\38\13\22\14\250\250\238\237\241\221\49\37\34\43\199\221\221\221\221\9\11\243\42\5\54\13\20\20\13\238\250\9\11\243\42\5\54\13\20\20\13\238\232\238\199\221\221\221\28\29\46\32\232\27\80\206\59\44\206\246\170\180\60\79\150\139\190\225\225\190\35\0\65\251\15\246\170\180\60\79\150\139\190\225\225\190\35\0\65\251\95\95\30\206\114\54\39\84\206\109\190\40\45\64\84\59\190\235\28\29\71\34\210\27\103\126\242\186\151\165\39\10\59\108\10\39\108\119\165\172\45\73\38\119\182\126\242\158\158\165\179\39\10\73\3\141\39\39\10\59\108\10\38\17\39\108\119\165\172\45\73\38\119\182\126\242\242\186\151\165\39\115\31\10\73\141\141\141\141\141\141\224\56\196\52\189\49\207\38\10\66\28\27\86\27\27\27\86\154\136\205\206\199\202\187\126\126\135\129\135\135\139\131\135\135\139\127\127\179\147\188\203\196\185\202\191\197\196\126\198\186\189\195\202\183\137\159\163\193\193\172\204\194\193\127\96\118\118\194\197\185\183\194\118\163\156\186\28\27\239\27\27\27\111\67\99\70\39\53\72\50\84\65\49\78\48\44\106\78\78\98\97\82\44\95\83\86\92\99\80\34\56\60\90\90\69\101\91\90\108\249\15\15\97\84\99\100\97\93\15\78\54\74\23\85\100\93\82\99\88\94\93\23\24\91\94\82\80\91\15\90\44\23\23\33\32\32\25\32\24\26\23\36\28\36\24\24\42\28\28\179\27\27\27\91\15\18\22\20\15\211\21\192\254\203\203\203\202\195\206\200\204\208\200\204\206\203\196\197\208\196\197\204\204\207\203\203\200\201\206\188\204\208\188\204\207\203\203\202\196\205\196\204\206\203\201\208\201\204\204\207\201\199\207\203\203\203\200\201\28\28\129\27\27\27\64\104\121\106\102\121\106\104\105\111\111\102\111\111\106\106\101\105\105\105\108\114\104\122\106\102\122\106\104\105\109\102\109\106\106\101\105\105\28\29\180\32\232\27\92\124\189\174\139\169\184\129\149\169\184\129\139\124\194\149\194\129\129\144\124\124\124\199\169\139\169\194\129\149\169\194\129\139\124\169\209\149\169\209\129\129\144\124\124\189\174\134\169\129\139\124\194\149\194\129\129\144\189\179\144\124\124\194\179\134\28\27\147\27\27\27\88\196\188\190\187\197\195\192\197\195\188\188\191\187\187\200\201\189\196\188\190\187\197\198\192\197\198\188\188\16\206\249\2\5\179\252\208\187\187\196\189\196\188\190\187\196\197\192\196\197\188\188\191\182\245\179\247\2\179\255\2\246\28\28\142\27\27\27\108\45\58\110\32\105\44\67\53\73\121\51\99\110\53\48\110\32\106\94\110\34\54\49\56\110\32\105\32\115\118\118\92\97\96\115\93\98\117\121\93\98\117\110\49\56\50\99\110\44\67\53\73\105\27\34\28\53\56\47\120\43\54\45\28\118\32\117\110\49\56\50\99\110\28\49\34\33\28\56\110\34\28\29\177\50\194\27\89\104\127\101\196\211\150\170\147\150\104\29\73\127\96\145\196\147\173\96\73\96\12\73\190\236\165\145\190\151\145\145\145\145\58\58\32\147\173\196\121\44\219\52\147\150\29\32\170\147\73\170\159\199\242\70\58\104\165\61\179\162\196\28\27\190\27\27\27\73\19\42\17\37\231\222\48\35\50\51\48\44\222\11\4\34\18\50\21\246\4\23\1\35\16\0\29\255\236\29\29\49\48\33\25\18\12\245\35\19\42\17\37\27\222\35\28\29\36\44\12\27\114\114\200\16\206\68\68\68\68\115\115\114\217\11\29\114\200\217\28\49\234\233\114\183\216\29\131\114\204\216\97\201\116\148\117\169\216\186\200\236\16\45\199\46\183\45\114\131\116\28\135\16\12\166\63\31\148\235\28\65\221\68\65\202\200\184\216\235\220\202\13\151\217\150\134\115\117\50\115\115\199\182\183\47\45\199\46\183\28\29\69\48\88\27\113\50\75\96\213\29\116\230\70\205\79\12\108\117\104\29\150\229\142\75\121\23\229\229\134\162\23\142\75\121\23\16\24\188\12\167\3\221\226\142\54\217\95\8\29\138\201\142\141\141\95\204\74\74\200\246\74\74\200\162\162\230\70\163\222\75\100\201\226\96\75\141\154\200\221\58\125\242\179\200\116\146\129\238\238\66\225\28\27\66\27\27\27\116\183\170\136\175\141\150\180\176\181\150\142\172\183\148\141\163\107\76\98\98\171\168\98\176\123\117\133\117\121\152\141\123\106\161\137\110\181\182\180\171\176\169\112\165\170\163\180\106\115\115\120\110\106\106\115\116\115\109\115\122\107\111\115\122\107\110\106\106\115\115\116\109\115\120\107\111\115\120\107\110\106\106\106\115\114\115\109\118\107\28\28\42\27\27\27\90\61\86\65\63\66\86\61\86\65\65\65\65\66\105\83\82\137\114\81\84\83\87\113\94\101\101\97\65\140\77\127\112\100\82\129\133\125\102\88\147\146\153\150\133\66\66\87\63\83\82\61\83\82\65\65\74\150\130\133\124\74\152\133\28\29\124\50\194\27\113\232\255\186\94\92\94\235\48\92\143\94\120\98\92\92\48\117\97\51\48\92\146\221\40\140\91\235\120\40\94\2\74\91\247\94\155\17\129\17\109\54\57\155\20\5\221\112\20\166\255\94\97\232\235\117\94\20\43\48\117\97\51\48\92\25\247\20\20\227\109\155\66\227\43\89\20\227\86\135\227\86\43\43\201\48\117\28\29\189\48\88\27\84\220\178\153\93\199\190\212\5\5\215\43\68\194\106\26\110\194\106\26\89\5\5\215\1\68\194\215\26\110\194\215\26\89\5\5\5\236\106\68\64\26\110\64\26\68\5\106\110\106\26\26\89\236\215\89\5\5\28\28\109\27\27\27\67\123\129\147\126\150\148\149\126\124\154\126\124\150\150\153\149\149\124\134\148\130\150\154\130\150\153\149\149\149\123\125\148\134\150\154\134\150\148\149\133\28\29\252\40\224\27\105\69\212\17\17\56\4\4\4\147\225\43\212\17\69\212\17\43\4\199\69\199\17\17\56\4\4\134\108\30\121\17\43\4\134\108\69\134\108\17\17\56\4\4\134\121\30\121\17\43\4\225\69\225\17\17\56\147\121\56\4\4\134\160\43\225\17\69\225\17\85\251\42\159\198\156\81\21\4\28\27\57\27\27\27\98\97\97\106\100\109\98\102\109\98\100\97\106\108\102\106\108\98\98\101\92\155\89\157\168\89\165\168\156\154\165\89\175\118\155\148\162\150\102\164\116\89\162\159\89\175\117\97\97\105\99\106\98\100\97\114\102\114\98\98\89\173\161\158\167\89\175\118\175\100\97\97\28\29\118\32\232\27\83\112\127\132\72\107\67\77\62\137\87\137\67\67\22\111\156\106\157\22\96\61\131\71\167\181\186\176\131\156\121\92\101\126\91\176\62\196\67\22\111\156\106\157\22\176\111\186\191\176\156\22\186\91\96\146\111\28\28\64\27\27\27\110\38\97\101\102\97\95\108\40\98\39\32\91\102\92\39\40\39\39\40\127\45\56\95\152\55\46\45\49\151\132\123\123\135\39\74\32\32\103\94\32\154\125\44\112\119\103\92\44\102\106\98\119\32\95\102\92\32\154\125\44\112\119\103\92\44\102\106\98\119\38\149\149\103\102\92\91\120\32\108\104\91\102\32\28\29\56\50\194\27\113\118\75\164\187\118\26\24\15\41\64\239\32\87\18\41\205\55\12\107\107\199\101\187\144\130\3\245\196\118\26\141\196\12\190\187\150\245\239\147\24\75\26\52\30\24\24\236\49\29\239\236\24\98\55\32\41\193\26\187\239\150\121\150\164\199\95\150\179\193\153\101\213\78\130\64\167\75\3\84\182\233\0\95\164\75\208\28\29\50\48\88\27\117\122\118\185\97\223\227\97\223\143\143\211\122\135\181\202\39\106\223\160\181\97\127\110\219\219\47\143\4\210\210\140\123\182\203\140\56\210\144\127\106\181\253\56\203\39\236\165\236\182\47\119\236\169\203\186\240\35\89\22\140\56\161\22\110\228\203\236\89\39\211\4\123\56\102\4\253\5\169\249\148\240\202\207\123\35\198\76\245\10\119\28\27\253\27\27\27\66\113\98\37\37\50\40\54\42\54\38\38\90\58\120\120\104\58\37\37\37\47\47\40\46\49\38\42\46\49\38\40\37\46\54\42\46\54\38\38\28\28\197\27\27\27\105\161\227\178\236\157\157\182\181\179\155\182\158\156\157\182\182\162\182\182\158\158\161\157\157\182\180\181\155\182\158\156\157\182\183\162\182\183\158\158\161\157\157\182\182\174\155\182\158\156\157\182\173\162\182\173\158\158\161\157\157\182\185\180\156\186\158\162\186\158\161\157\157\182\179\180\156\182\185\28\27\105\27\27\27\76\146\150\154\157\146\149\145\145\154\156\159\147\154\146\148\145\155\156\150\155\156\146\146\149\145\145\154\156\160\148\154\155\146\150\154\155\146\230\230\149\228\212\166\145\145\162\160\148\154\28\29\250\48\88\27\87\41\87\171\255\41\87\150\4\251\17\66\66\255\146\255\108\255\87\129\66\104\171\104\87\87\150\66\66\66\20\255\104\129\255\62\87\171\255\62\87\129\66\255\146\171\255\146\87\87\150\66\66\255\167\146\108\255\87\129\66\28\27\153\27\27\27\100\202\201\198\202\201\194\194\197\193\193\202\210\209\195\202\194\196\193\202\202\198\202\202\194\194\197\193\193\203\201\208\196\202\205\194\198\202\205\194\197\202\209\201\197\193\193\202\210\209\196\202\203\194\198\202\203\194\197\193\193\203\202\202\196\209\194\198\209\194\197\193\193\203\28\27\219\27\27\27\117\12\16\5\12\4\6\3\17\8\17\4\4\7\3\3\13\11\13\5\12\4\6\3\19\8\19\4\4\7\3\3\3\12\20\17\6\12\15\4\8\12\15\4\6\3\13\14\8\13\14\4\4\7\3\3\12\20\19\5\12\4\6\3\12\20\8\12\20\4\4\88\88\7\86\70\24\3\3\14\18\6\17\4\8\17\4\7\61\24\86\28\29\124\50\194\27\65\20\20\227\250\250\66\227\43\89\20\155\135\155\43\43\112\20\20\20\227\63\250\89\227\86\43\135\227\86\43\89\20\250\227\135\250\227\43\28\29\137\48\88\27\72\230\37\209\209\142\184\33\251\142\230\16\209\12\58\12\230\230\37\209\209\209\142\226\142\16\142\33\230\58\142\33\230\16\209\142\12\58\142\12\230\230\37\209\209\209\28\27\157\27\27\27\97\206\206\205\200\206\212\198\202\206\212\198\200\197\214\202\214\198\198\201\197\197\206\209\212\200\206\205\198\202\206\205\198\201\197\197\206\209\214\199\206\198\200\197\206\213\202\206\213\198\198\201\197\197\206\210\209\199\206\198\200\197\206\212\202\206\212\198\198\201\206\28\27\186\27\27\27\72\239\237\230\226\226\235\236\234\228\235\227\229\226\236\235\231\236\235\227\227\230\226\226\226\235\237\242\229\235\240\227\231\235\240\227\229\226\243\231\243\227\227\230\226\226\28\29\56\40\224\27\75\181\233\181\103\233\77\129\233\77\116\64\64\181\233\233\103\181\233\77\129\181\233\77\116\64\64\64\181\220\194\103\181\246\77\129\181\246\77\103\64\3\129\3\77\77\116\64\64\28\27\42\27\27\27\87\82\91\93\96\85\91\91\83\87\91\91\83\85\82\91\95\87\91\95\83\83\86\82\82\91\93\98\85\97\83\87\97\83\167\167\86\165\149\103\82\82\94\99\85\91\94\83\87\91\94\83\86\140\103\165\82\82\91\93\91\28\27\159\27\27\27\117\202\208\216\200\204\208\216\200\203\199\199\208\213\213\202\214\200\204\214\200\203\208\212\216\203\199\199\208\210\209\201\208\200\202\199\209\210\204\209\210\200\200\203\199\199\208\212\207\202\208\215\200\204\208\215\200\203\199\199\199\208\213\210\202\211\200\204\211\200\202\199\214\204\214\200\200\203\199\199\208\213\214\201\208\200\202\199\216\204\216\28\28\80\27\27\27\110\55\55\52\56\56\31\27\28\57\31\29\55\51\31\29\55\52\56\56\31\28\40\58\31\55\57\56\31\40\51\31\40\55\55\52\56\56\31\27\32\57\39\55\51\39\55\99\99\52\105\121\35\56\56\31\32\39\57\31\40\55\51\31\40\55\52\114\35\105\56\56\31\39\34\57\31\29\55\51\31\29\55\52\28\27\98\27\27\27\63\138\138\148\146\154\141\152\139\143\152\139\142\138\138\148\148\149\141\147\150\139\143\147\150\139\142\138\138\138\148\147\146\141\147\150\139\28\27\52\27\27\27\96\97\101\104\93\95\92\101\103\97\101\103\93\93\96\92\92\102\101\100\95\101\106\93\97\101\106\93\96\92\92\92\102\101\109\95\108\93\97\108\93\95\92\101\104\97\101\104\93\93\96\92\92\101\108\100\95\101\107\93\97\101\107\93\96\92\92\102\102\106\28\27\113\27\27\27\64\156\162\163\154\158\162\163\154\157\153\153\163\162\165\155\162\154\156\153\162\170\158\162\170\154\154\238\238\157\236\220\174\153\153\164\164\155\28\27\189\27\27\27\106\238\230\232\229\239\239\234\239\239\230\230\233\31\250\56\229\229\238\238\240\232\238\243\230\234\238\243\230\233\229\229\229\238\241\238\232\242\230\234\242\230\232\229\238\244\234\238\244\230\230\233\229\229\229\238\240\237\232\242\230\234\242\230\232\229\239\237\234\239\237\230\230\233\229\229\229\238\242\241\28\29\131\40\224\27\85\178\0\65\152\204\0\65\152\178\139\78\204\78\152\152\191\0\26\39\191\139\139\0\39\78\165\0\152\178\139\52\204\52\152\152\191\139\139\139\0\243\39\178\0\91\152\204\0\91\152\178\139\13\243\204\13\243\152\28\28\219\27\27\27\107\4\7\3\3\3\12\16\11\6\15\4\8\15\4\6\3\18\8\18\4\4\7\3\3\12\14\19\5\12\4\6\3\13\13\8\13\13\4\4\216\216\7\214\198\24\3\3\12\14\17\6\12\16\4\8\12\16\4\7\189\24\214\13\11\17\7\3\3\13\16\11\6\13\4\8\13\4\7\3\3\28\28\227\27\27\27\105\251\21\22\22\254\20\12\252\0\20\12\252\254\251\21\22\0\21\22\252\252\255\21\23\24\255\21\22\26\208\208\255\206\190\16\251\251\20\12\12\254\26\252\0\26\252\255\197\16\206\251\251\21\26\254\20\11\252\0\20\11\252\255\251\251\23\23\254\24\252\0\24\252\255\251\251\251\25\28\28\235\27\27\27\117\254\22\1\20\24\1\20\22\19\254\24\254\20\20\23\19\19\0\4\22\252\254\20\24\252\254\20\23\19\19\252\4\21\252\20\22\19\252\4\24\252\4\20\20\23\19\19\255\251\21\252\20\22\19\252\1\24\252\1\20\20\23\255\252\23\19\19\255\255\22\252\255\20\24\252\255\20\23\0\252\200\200\23\198\214\8\19\19\252\255\28\29\130\48\88\27\80\26\244\135\223\9\202\156\114\51\156\114\223\223\30\140\131\153\202\202\202\156\219\219\9\47\223\51\47\223\9\202\5\51\5\223\223\30\202\202\202\135\177\9\47\223\51\47\223\9\202\135\219\51\28\28\101\27\27\27\107\150\154\126\126\129\125\125\147\154\148\124\150\152\126\130\150\152\126\129\125\125\147\153\142\124\151\126\130\151\126\129\125\125\149\123\150\126\124\125\150\150\130\150\150\126\126\129\150\141\149\129\125\125\125\147\154\147\124\153\126\130\153\126\124\125\150\142\130\150\142\126\126\129\125\125\142\123\150\126\124\28\27\240\27\27\27\78\24\34\33\29\34\33\25\25\28\24\24\34\36\38\27\33\32\25\29\33\32\25\109\109\28\107\91\45\24\24\33\32\35\26\33\25\27\24\37\29\37\25\25\28\82\45\107\24\24\24\33\28\29\138\40\224\27\68\98\85\185\20\159\211\20\159\185\146\111\211\111\159\159\198\146\146\20\250\46\185\111\159\211\111\159\198\146\146\20\20\33\185\59\159\211\59\159\198\146\28\29\82\30\198\27\100\202\202\232\229\253\211\244\205\217\244\205\211\202\241\217\241\205\205\214\229\244\253\214\202\202\232\232\226\208\229\205\211\202\229\244\217\229\244\205\205\214\232\229\253\214\202\202\232\229\253\208\229\205\211\202\232\232\217\232\232\205\205\214\202\202\232\229\238\208\229\205\211\202\28\29\234\50\194\27\71\127\245\127\153\153\222\130\130\104\81\127\176\81\153\199\130\81\81\245\81\81\153\153\37\37\222\247\135\101\130\130\81\150\58\176\81\153\199\130\104\127\245\104\127\28\28\129\27\27\27\79\106\106\101\31\118\56\105\105\111\111\109\104\114\110\106\102\114\110\106\101\105\105\111\111\108\104\110\106\102\110\106\101\105\105\105\111\113\122\104\114\113\106\102\114\113\106\104\105\114\107\102\114\28\28\177\27\27\27\67\187\218\218\213\217\217\191\193\202\216\202\218\214\202\218\213\217\217\191\194\201\216\194\194\218\214\194\194\218\213\217\217\194\202\201\216\194\201\218\214\28\29\44\30\198\27\104\191\212\167\176\164\164\191\209\194\170\191\167\173\164\194\194\179\194\194\167\167\176\164\164\194\191\215\173\191\203\167\179\191\203\167\176\164\164\164\194\191\188\173\209\167\179\209\167\173\164\197\179\197\167\167\176\164\164\194\191\188\170\191\167\173\164\191\209\179\191\209\167\167\163\163\176\157\28\29\114\34\210\27\96\95\29\138\138\138\201\208\229\159\201\201\145\173\201\201\145\159\138\208\194\173\208\194\145\145\166\32\29\207\138\138\138\208\194\1\159\201\236\145\173\201\236\145\159\138\201\201\173\201\201\145\145\166\138\138\208\208\236\152\201\145\159\138\208\215\173\208\215\145\28\29\80\40\224\27\92\101\140\88\88\218\244\1\114\205\101\127\88\205\231\153\205\231\101\101\140\88\88\218\244\205\114\205\101\127\88\40\153\40\101\101\140\88\88\205\53\205\114\205\101\127\88\40\153\40\101\101\140\88\88\88\218\231\14\127\40\101\153\40\101\127\28\29\166\38\190\27\97\94\25\149\25\105\105\138\94\94\94\204\226\237\127\193\3\105\149\193\3\105\127\94\193\3\149\193\3\105\105\5\5\138\239\63\69\94\94\193\14\14\127\237\105\149\237\105\138\220\69\239\94\94\215\248\127\226\105\149\226\105\138\94\94\94\226\14\127\25\105\28\27\141\27\27\27\64\186\198\182\184\181\196\186\196\182\182\185\181\181\193\197\184\190\194\182\186\190\194\182\185\181\181\193\193\184\190\195\182\186\190\195\182\185\28\29\121\34\210\27\97\145\145\229\250\159\208\152\166\145\208\222\180\208\222\152\152\173\145\145\215\229\243\159\208\152\166\145\208\201\180\208\201\152\152\173\145\145\145\215\222\236\166\208\236\152\180\208\236\152\166\145\250\180\250\152\152\173\215\222\236\173\145\145\222\215\159\208\152\166\145\28\29\235\38\190\27\108\28\218\28\174\174\207\163\163\163\28\72\196\61\174\218\61\174\196\163\61\218\61\174\174\207\39\72\207\163\163\28\6\185\6\174\196\163\6\50\218\6\50\174\174\207\163\163\39\28\185\6\174\196\163\39\218\39\174\174\207\163\163\39\61\196\94\174\218\94\174\207\163\163\28\17\185\6\174\196\163\6\28\27\167\27\27\27\97\223\212\216\223\208\208\211\207\207\217\218\219\209\216\208\210\207\216\220\212\216\220\208\208\211\207\207\218\220\209\216\208\210\207\218\212\218\208\208\211\218\220\211\207\207\217\218\220\210\216\217\208\212\216\217\208\211\207\207\216\217\210\216\223\208\212\216\223\208\211\28\28\118\27\27\27\74\142\142\131\134\139\133\133\141\145\133\133\141\146\137\133\146\142\142\133\134\139\136\141\145\136\141\146\142\142\142\134\139\133\137\141\145\133\137\141\139\142\132\132\145\132\132\141\28\29\137\50\194\27\111\56\125\33\33\30\30\102\7\56\148\7\56\125\33\33\99\102\240\145\56\148\240\145\56\125\33\33\33\30\168\102\240\145\56\148\240\145\56\102\33\240\240\148\240\240\56\56\125\33\33\7\76\76\102\240\217\56\148\240\217\56\125\33\33\33\240\7\102\7\56\148\7\56\102\33\240\30\148\240\30\56\56\196\196\28\28\83\27\27\27\68\47\94\110\32\43\43\43\38\28\46\36\28\44\48\36\28\44\46\43\36\40\48\36\40\44\44\47\117\32\94\36\35\41\47\43\43\36\36\27\46\37\28\28\111\27\27\27\74\152\148\129\152\147\151\151\128\128\136\154\128\136\152\148\128\136\152\147\151\151\128\129\135\154\126\152\148\126\152\68\68\147\74\90\132\151\151\128\136\153\128\152\154\151\128\128\28\28\217\27\27\27\118\174\170\170\178\178\173\247\158\224\177\177\161\163\175\170\178\176\177\168\174\168\178\178\173\177\177\162\161\175\170\178\176\177\168\174\168\178\178\173\177\177\162\162\176\170\168\178\174\170\168\178\173\177\177\162\167\175\170\178\176\177\162\174\162\178\178\173\177\177\161\161\175\170\178\176\177\170\168\174\170\168\178\178\173\177\177\161\164\175\170\178\28\27\239\27\27\27\80\26\23\38\28\38\24\24\27\23\23\36\33\26\32\37\24\28\32\37\24\108\108\27\106\90\44\23\23\32\31\34\26\34\24\28\34\24\27\81\44\106\23\23\32\39\37\25\32\24\26\23\32\38\28\29\204\32\232\27\106\173\193\223\153\153\168\148\148\193\223\198\163\233\153\173\233\153\168\148\148\193\223\233\163\218\153\173\218\153\168\148\148\193\223\198\163\218\153\173\218\153\168\148\148\193\223\188\158\193\153\163\148\203\173\203\153\153\168\148\148\193\228\223\158\193\153\163\148\193\203\173\193\203\153\153\61\61\168\51\28\27\52\27\27\27\63\159\113\101\102\108\96\150\113\175\102\100\107\96\92\92\102\100\108\94\101\93\95\92\109\97\109\93\93\96\92\92\101\109\107\94\101\28\28\146\27\27\27\77\121\119\122\106\117\106\121\121\118\122\122\96\98\92\120\97\121\119\122\97\93\117\97\93\121\121\37\37\118\39\55\101\105\97\118\48\101\39\122\122\122\97\92\91\119\97\106\121\117\97\28\29\36\40\224\27\105\252\57\83\44\161\213\109\161\213\57\57\96\161\239\148\96\44\44\161\213\252\83\161\213\57\109\161\213\57\96\44\44\161\226\226\70\161\57\83\44\161\252\109\161\252\57\57\96\44\44\44\161\200\9\83\9\57\109\9\57\83\44\174\187\109\174\187\57\57\96\161\174\187\96\161\239\148\96\28\29\184\48\88\27\70\0\0\189\38\189\42\189\21\63\0\38\105\38\21\21\84\0\0\189\38\189\63\189\252\21\105\189\252\21\249\249\84\207\127\185\0\0\189\210\17\63\189\252\28\28\85\27\27\27\79\46\50\38\41\46\49\115\34\92\45\45\35\37\38\43\38\46\44\45\38\29\50\38\29\46\46\49\35\37\41\49\45\45\38\30\35\44\41\46\50\41\46\49\45\45\45\35\37\37\44\38\35\28\29\226\32\232\27\75\175\195\215\220\175\185\170\215\230\195\215\230\175\175\190\215\250\225\190\215\235\245\190\170\170\220\210\230\180\215\175\185\170\215\225\195\215\225\175\175\190\170\170\220\210\225\180\215\28\27\219\27\27\27\98\4\6\3\13\13\8\13\13\4\4\88\88\7\86\70\24\3\3\17\18\6\20\4\8\20\4\7\61\24\86\3\3\3\12\14\20\6\12\17\4\8\12\17\4\6\3\12\17\8\12\17\4\4\7\12\19\15\7\3\3\3\12\18\17\6\15\4\8\15\4\6\28\27\211\27\27\27\106\251\8\0\8\252\252\255\251\251\4\9\7\253\4\252\254\251\5\3\0\5\3\252\252\255\251\251\4\10\10\254\6\252\0\6\252\255\251\251\4\10\11\254\4\6\252\0\4\6\252\255\251\251\4\10\5\254\10\252\0\10\252\255\4\9\10\255\251\251\4\7\12\254\10\252\0\10\252\255\28\28\211\27\27\27\65\171\171\164\170\155\174\155\172\176\155\172\175\164\170\155\175\171\171\164\155\166\174\167\172\176\167\172\175\171\171\171\164\167\170\174\169\172\176\28\29\0\38\190\27\97\82\195\217\184\38\38\239\38\38\195\195\228\184\184\27\82\60\206\27\195\217\184\38\16\239\38\16\195\195\228\27\104\27\228\184\184\184\27\104\49\217\115\195\239\115\195\217\184\27\27\239\27\27\195\195\95\95\228\73\153\159\184\184\27\16\82\206\27\195\217\28\27\210\27\27\27\102\250\6\255\6\251\251\254\52\15\77\250\250\3\9\10\252\3\251\253\250\11\255\11\251\251\254\4\4\5\254\4\3\7\254\250\250\4\2\5\252\3\251\253\250\10\255\10\251\251\254\250\250\4\3\8\253\3\6\251\255\3\6\251\254\250\250\4\3\9\252\3\251\253\250\3\28\28\148\27\27\27\109\99\111\99\99\107\107\112\108\108\102\99\99\110\99\107\109\108\99\91\111\99\91\107\107\112\108\108\102\100\106\109\99\103\107\111\99\103\107\112\108\108\108\99\92\92\109\99\106\107\111\99\106\107\109\108\99\103\111\99\103\107\107\112\102\99\105\112\108\108\108\102\99\105\109\106\107\111\106\107\109\108\104\28\27\66\27\27\27\69\111\118\107\107\110\106\106\106\116\116\116\109\115\120\107\111\115\120\107\109\106\115\121\111\115\121\107\107\110\106\106\115\122\120\109\115\114\107\111\115\114\107\28\28\212\27\27\27\117\176\172\172\166\164\165\173\165\171\175\165\171\176\172\172\166\166\164\174\163\171\173\172\165\175\165\171\171\176\172\172\166\166\166\173\155\171\175\155\171\223\223\176\221\237\159\172\172\163\169\174\163\171\173\172\163\163\175\163\163\171\171\176\246\159\221\172\172\163\164\163\174\163\171\173\172\166\164\175\166\164\171\171\176\172\172\163\164\168\174\28\29\144\34\210\27\100\231\175\189\168\31\203\31\175\175\196\168\168\24\10\182\231\175\189\168\10\203\10\175\175\196\24\10\196\168\168\31\3\182\231\175\189\168\231\24\203\231\24\175\175\196\168\168\17\3\189\238\175\203\238\175\196\168\168\252\31\182\231\175\189\168\231\245\203\231\245\175\175\196\28\29\144\50\194\27\115\175\106\132\40\40\40\175\83\109\129\63\155\129\63\109\40\83\155\83\63\63\203\203\132\157\45\11\40\40\175\224\109\247\129\63\155\247\129\63\132\94\11\157\40\40\40\14\224\129\109\83\63\155\83\63\109\40\175\155\175\63\63\132\40\40\247\106\129\86\247\63\109\40\14\224\155\14\224\63\63\132\40\40\40\247\152\224\109\28\27\203\27\27\27\93\252\0\244\248\252\0\244\246\243\253\252\248\253\252\244\244\247\243\243\252\255\253\246\252\254\244\248\252\254\244\247\243\243\252\3\0\245\252\244\246\243\253\251\248\253\251\244\244\247\243\243\252\0\0\245\252\244\246\243\252\251\248\252\251\244\244\28\27\94\27\27\27\81\138\134\134\134\143\150\147\137\143\148\135\139\143\148\135\137\134\145\139\145\135\135\138\134\134\134\143\148\149\137\143\151\135\139\143\151\135\137\134\143\144\139\143\144\135\135\138\134\134\143\151\151\137\147\28\29\223\44\12\27\67\152\220\100\152\203\135\135\135\49\32\15\186\32\151\152\220\32\151\152\186\135\32\117\220\32\117\152\152\203\135\135\135\32\83\134\186\32\83\152\220\28\27\95\27\27\27\87\144\147\136\138\135\144\151\140\144\151\136\136\139\135\135\135\144\149\143\138\146\136\140\146\136\138\135\145\143\140\145\143\136\136\139\135\135\135\144\147\147\138\151\136\140\151\136\138\135\144\152\140\144\152\136\136\220\220\139\218\28\27\205\27\27\27\98\56\10\245\245\245\1\4\248\254\254\246\250\254\254\246\248\245\255\253\250\255\253\246\246\249\47\10\72\245\245\254\3\1\247\254\246\248\245\254\1\250\254\1\246\246\249\245\245\245\254\255\1\248\254\0\246\250\254\0\246\248\245\254\6\250\254\6\246\246\249\245\28\27\86\27\27\27\85\126\135\137\141\128\135\127\129\126\135\142\131\135\142\127\127\130\126\126\143\143\128\135\127\129\126\136\137\131\136\137\127\127\130\126\126\135\138\136\128\135\127\129\126\143\131\143\127\127\130\135\135\136\130\126\126\126\135\28\29\138\30\198\27\70\38\32\11\29\44\5\17\29\44\5\11\2\41\17\41\5\5\14\29\32\38\14\2\2\29\41\44\11\29\35\5\17\29\35\5\14\2\2\29\44\47\11\29\28\28\249\27\27\27\79\10\18\14\10\10\18\13\17\17\17\10\9\5\16\10\4\18\14\10\4\18\16\17\8\14\8\18\18\13\17\17\10\10\4\15\10\18\16\17\8\14\8\18\18\13\17\17\10\9\10\15\10\28\28\138\27\27\27\92\97\95\98\114\93\114\97\97\45\45\45\128\75\67\79\31\80\68\114\33\37\29\70\120\51\50\57\54\37\98\98\116\95\118\114\93\118\114\97\97\77\109\36\53\28\39\54\33\27\28\98\36\80\121\121\61\122\50\83\115\58\60\97\128\106\28\28\41\27\27\27\112\73\125\124\136\138\125\73\132\82\97\86\152\102\115\99\95\151\90\101\88\86\108\78\108\100\112\128\111\99\81\130\134\126\101\87\148\145\154\149\134\65\65\84\64\90\90\82\62\90\90\82\66\66\110\112\131\111\90\90\94\89\145\116\84\153\91\110\31\73\73\125\124\136\138\125\73\154\91\149\99\126\91\115\86\96\28\27\36\27\27\27\66\138\119\135\97\143\126\106\92\141\137\145\104\86\155\156\149\152\137\76\76\92\79\87\93\81\87\93\77\77\46\68\68\144\147\135\133\144\68\111\28\29\145\34\210\27\85\84\42\154\98\88\193\217\123\77\179\60\169\169\169\232\190\232\25\176\204\232\25\176\190\169\25\204\25\176\176\215\113\113\210\105\112\133\84\113\158\84\42\154\98\88\193\217\123\77\179\53\60\134\98\32\137\4\182\28\27\128\27\27\27\107\197\214\198\202\242\177\196\179\181\223\174\226\160\228\239\138\160\160\160\160\236\239\227\225\236\160\237\235\232\179\180\209\246\242\239\238\206\189\231\185\200\181\243\197\214\198\202\242\177\196\179\181\223\174\226\219\203\229\223\239\231\193\208\248\198\228\206\221\173\231\185\200\181\243\197\214\198\202\242\177\28\27\80\27\27\27\76\148\131\133\175\126\187\90\112\112\112\112\185\182\112\189\187\184\131\132\161\198\194\191\190\158\140\120\120\120\128\123\131\121\125\131\121\123\120\132\125\132\121\121\112\196\184\181\190\112\28\29\168\44\12\27\90\229\195\144\11\28\9\126\58\7\246\214\181\229\195\144\11\28\9\126\58\7\246\214\131\80\80\250\45\62\114\233\97\131\80\11\165\11\97\97\200\93\246\76\82\200\200\200\200\41\214\92\78\229\214\94\45\163\110\43\59\181\41\214\28\29\184\50\194\27\97\36\2\131\186\114\123\117\226\45\157\218\218\13\36\246\39\154\249\218\157\16\111\246\80\131\85\16\77\100\255\82\246\177\154\186\103\158\152\152\152\152\117\203\65\177\249\143\232\128\2\180\186\51\117\203\65\177\249\143\232\128\2\180\186\149\80\80\31\149\123\28\27\47\27\27\27\101\88\92\100\88\57\79\79\148\157\147\57\79\79\155\158\146\144\155\79\156\121\137\156\164\156\97\119\163\113\158\108\87\87\150\104\119\100\162\116\133\117\121\161\96\115\98\100\142\93\154\89\98\98\88\90\96\102\88\84\87\87\87\97\100\96\90\96\102\88\92\96\102\88\90\28\27\209\27\27\27\94\249\3\2\254\3\2\250\250\252\249\249\2\252\2\8\250\254\2\8\250\219\241\241\61\64\52\50\61\241\31\55\50\60\27\3\28\71\40\6\25\10\14\76\63\10\4\20\4\8\39\28\10\249\63\10\4\20\4\8\39\28\10\249\48\24\253\249\28\27\198\27\27\27\75\44\59\52\41\58\47\53\52\238\239\50\53\41\39\50\230\49\3\238\238\255\255\241\247\251\239\243\247\251\239\1\50\53\41\39\50\230\40\3\65\238\238\238\248\247\250\241\249\28\29\96\50\194\27\117\15\107\245\15\61\248\127\107\127\15\15\84\222\199\35\84\248\248\248\222\199\245\61\127\15\107\127\15\61\248\199\176\107\199\176\15\15\84\222\176\12\84\248\248\248\222\176\127\61\199\199\15\107\199\199\15\61\248\104\107\104\15\15\84\248\248\222\176\222\61\127\15\107\127\15\155\173\138\89\158\64\207\219\248\248\248\199\61\127\15\28\29\85\46\54\27\70\172\144\96\134\77\248\125\172\248\125\96\96\153\238\155\181\193\146\181\89\146\174\136\89\181\23\220\155\22\32\60\172\70\182\181\32\231\181\23\201\77\77\229\28\27\86\27\27\27\98\128\135\127\129\126\135\134\131\135\134\127\127\118\202\190\187\196\118\204\147\204\129\126\126\136\139\140\128\135\127\129\126\136\135\131\136\135\127\127\118\187\196\186\145\118\184\177\191\179\147\201\202\200\191\196\189\132\185\190\183\200\126\204\127\118\187\196\186\145\118\200\28\27\207\27\27\27\108\52\67\68\65\61\239\67\48\49\59\52\253\50\62\61\50\48\67\247\49\248\239\52\61\51\248\247\248\248\251\247\53\68\61\50\67\56\62\61\247\248\59\62\50\48\59\239\58\12\247\247\3\7\249\0\248\250\247\7\252\7\248\248\10\59\62\50\48\59\239\49\12\74\247\247\0\3\5\250\7\248\28\28\202\27\27\27\69\157\178\161\158\162\162\162\185\180\177\159\185\177\161\157\185\177\161\159\162\184\183\157\184\183\161\161\158\162\162\185\180\182\159\177\161\157\177\161\158\185\182\28\27\221\27\27\27\105\22\90\24\67\76\79\253\70\26\5\5\14\7\14\6\8\5\16\10\16\6\6\9\0\63\253\65\76\253\73\76\64\62\73\253\83\26\63\56\70\58\10\72\24\253\70\67\253\83\25\13\253\81\69\66\75\253\83\26\83\8\5\5\15\18\19\7\14\6\8\5\18\10\18\6\6\253\66\28\28\127\27\27\27\81\37\27\122\95\33\90\40\84\116\50\43\49\40\37\30\101\34\39\32\49\103\45\104\95\28\37\27\122\95\49\28\43\44\49\37\95\43\32\33\35\28\101\34\38\37\34\32\43\103\33\104\95\28\37\28\28\129\27\27\27\91\29\106\105\106\106\105\50\67\45\59\38\67\75\110\72\27\80\32\101\114\101\96\50\67\45\59\38\67\75\110\72\27\80\32\106\54\135\97\97\27\36\47\97\57\72\114\109\87\57\32\118\105\105\114\103\114\106\104\105\122\102\122\106\106\28\28\153\27\27\27\87\109\120\75\51\58\48\79\103\80\35\68\102\81\98\121\53\44\121\75\51\58\48\79\103\80\35\68\102\81\98\64\33\80\106\101\63\33\56\62\94\113\75\51\58\48\79\103\80\35\68\102\81\98\64\33\80\106\101\63\33\28\28\158\27\27\27\113\251\249\195\9\228\244\9\17\9\204\230\18\220\7\197\193\198\198\204\209\208\195\209\197\201\209\197\190\1\8\2\164\190\190\255\213\230\209\11\225\240\224\228\12\205\226\203\209\247\200\3\217\9\228\244\9\17\9\204\230\18\220\7\211\190\255\213\230\209\11\225\240\224\228\12\205\226\203\209\247\200\252\217\232\0\253\28\29\134\32\232\27\115\157\248\128\253\212\57\143\238\163\184\38\38\192\127\202\207\192\172\38\187\12\202\228\167\12\52\143\253\132\37\117\184\127\172\122\184\162\177\117\107\162\38\62\22\148\202\197\238\37\133\137\182\217\192\192\112\184\122\177\184\38\38\162\177\117\107\162\38\157\157\232\163\217\212\67\123\17\7\133\213\183\132\207\172\117\202\147\177\28\27\122\27\27\27\119\232\162\163\132\227\224\154\232\179\173\189\173\177\208\197\179\162\217\193\166\162\224\239\232\221\238\227\233\232\162\163\230\233\221\219\230\154\229\183\162\162\162\177\171\165\172\163\167\172\163\165\162\171\174\167\171\174\163\163\181\230\233\221\219\230\154\220\183\245\162\162\171\178\177\165\171\178\163\167\171\178\163\166\171\179\172\166\162\162\171\178\173\28\29\168\34\210\27\92\213\20\199\227\20\199\220\192\192\255\41\6\206\255\199\213\192\13\227\13\199\199\19\69\114\177\198\136\135\83\192\192\192\255\213\255\20\199\227\255\20\199\213\192\20\227\20\199\199\220\157\86\136\100\177\136\156\177\93\79\156\136\226\83\86\28\27\242\27\27\27\86\77\91\79\31\93\45\18\91\88\18\104\46\34\18\102\90\87\96\18\104\47\104\29\26\26\36\39\40\29\35\43\27\31\35\43\27\18\87\96\86\45\18\84\77\91\79\47\101\102\100\91\96\89\32\85\90\83\100\26\28\28\162\27\27\27\93\12\201\194\253\4\254\215\194\16\253\14\13\16\4\194\14\1\0\6\253\196\255\3\4\255\1\14\202\0\201\194\253\4\254\201\202\201\201\202\243\219\247\7\248\220\218\9\253\5\222\208\11\26\17\14\253\202\202\217\199\209\210\206\197\209\210\28\28\36\27\27\27\80\88\59\59\111\59\146\79\125\110\106\76\123\135\127\104\86\153\140\147\152\135\60\60\83\84\61\76\76\63\76\76\59\59\68\152\124\135\130\68\150\135\152\151\150\130\68\138\131\128\149\135\68\135\28\27\196\27\27\27\85\50\40\206\228\228\45\42\228\35\11\31\236\42\57\50\39\56\45\51\50\236\237\48\51\39\37\48\228\47\1\246\244\244\255\48\51\39\37\48\228\38\1\63\236\236\250\244\239\251\237\241\251\237\240\236\236\250\249\28\27\172\27\27\27\99\214\221\213\215\212\221\222\217\221\222\213\213\216\212\212\225\226\214\221\213\215\212\222\220\217\222\220\213\213\216\212\212\224\225\215\221\223\213\217\221\223\213\41\231\18\27\30\204\21\233\212\212\221\214\221\213\215\212\222\223\217\222\223\213\213\216\207\14\204\16\27\204\28\28\231\27\27\27\96\187\190\202\200\187\7\213\12\201\178\192\172\252\194\18\7\192\197\7\213\11\255\255\23\1\24\0\2\255\25\25\252\25\25\0\0\7\211\191\196\189\7\213\12\213\2\255\255\25\20\21\2\19\0\252\19\0\7\196\189\195\18\7\201\178\192\172\12\218\28\27\39\27\27\27\82\155\153\144\149\142\85\138\143\136\153\79\157\80\71\140\149\139\98\71\153\140\155\156\153\149\71\155\136\137\147\140\85\138\150\149\138\136\155\79\137\80\71\140\149\139\80\79\80\132\79\134\110\130\146\129\28\29\247\32\232\27\114\85\15\4\240\24\75\241\74\79\44\59\240\191\191\236\236\206\0\10\216\0\10\196\196\200\196\109\40\14\185\85\15\4\240\24\75\241\74\79\44\59\240\191\191\236\241\206\236\231\236\216\236\231\236\196\196\151\59\255\240\29\151\49\240\59\64\49\29\151\245\220\19\54\240\151\240\29\235\41\151\151\49\240\59\64\49\29\28\27\172\27\27\27\115\204\32\30\33\17\182\204\204\17\26\16\182\204\204\24\27\15\13\24\204\31\228\24\6\36\22\6\26\19\23\231\204\16\27\204\24\27\15\13\24\204\18\238\29\20\239\227\13\246\233\212\212\221\214\221\213\215\212\221\224\217\221\224\213\213\231\204\31\228\24\6\36\22\6\26\19\23\233\18\238\29\20\239\227\13\246\204\17\28\27\174\27\27\27\77\28\18\184\206\206\26\29\17\15\26\206\17\40\32\0\243\0\239\35\251\233\206\18\29\206\26\29\17\15\26\206\0\25\23\37\6\242\8\245\241\240\255\235\41\43\233\206\17\40\32\28\28\142\27\27\27\107\60\81\60\77\33\89\105\60\51\53\31\70\82\68\79\75\76\61\110\49\56\50\148\110\110\43\36\28\60\81\60\77\33\89\67\118\118\118\93\115\91\117\121\91\117\115\118\93\96\121\93\96\117\117\73\105\48\33\56\43\34\53\55\56\118\120\120\120\117\110\28\49\34\33\28\56\110\51\51\36\28\27\79\27\27\27\119\136\198\197\168\128\158\156\130\146\119\125\125\125\120\111\180\189\179\89\111\111\167\159\133\195\194\151\162\130\182\191\198\193\193\177\140\181\196\189\178\195\184\190\189\119\125\125\125\120\89\111\111\111\111\187\190\178\176\187\111\200\132\196\193\186\157\167\152\178\176\159\184\188\140\119\119\119\128\122\128\128\120\124\128\128\120\122\119\136\124\136\120\28\28\231\27\27\27\63\0\225\7\7\7\7\214\191\192\187\196\7\211\217\212\196\7\195\190\225\7\7\7\7\7\7\192\197\7\208\20\212\217\194\157\175\28\28\84\27\27\27\81\139\117\115\132\107\111\31\31\44\44\44\35\45\35\41\43\47\35\41\43\45\44\42\47\42\43\43\52\104\108\119\114\78\52\52\52\52\52\52\52\52\102\119\104\103\102\114\52\117\94\102\134\151\134\28\27\180\27\27\27\65\245\41\1\15\39\236\32\14\44\30\14\34\27\31\17\220\226\226\226\221\190\212\212\212\212\212\212\25\32\39\25\190\212\212\212\212\212\212\28\29\148\48\88\27\102\52\52\238\221\24\45\238\154\52\154\49\112\102\52\52\52\52\52\52\221\154\200\102\52\52\52\52\221\154\200\102\52\52\221\154\200\102\221\154\200\102\200\175\102\52\52\49\242\52\154\175\24\52\204\36\2\24\3\124\99\195\7\196\87\238\238\158\220\241\52\24\28\221\154\102\28\29\133\32\232\27\110\37\37\37\37\161\176\116\106\161\37\202\122\66\211\201\181\181\182\171\146\161\183\37\37\37\37\202\122\66\211\201\181\181\77\82\183\37\37\126\171\121\183\126\171\121\183\161\176\116\106\161\37\51\142\231\61\231\156\212\226\126\216\41\137\196\51\183\121\176\183\37\37\161\176\116\106\161\37\26\191\142\156\201\28\27\116\27\27\27\79\203\169\218\215\177\218\233\226\215\232\221\227\226\156\196\168\224\183\215\237\218\168\205\204\238\168\184\182\157\126\224\227\215\213\224\148\197\233\201\172\215\220\188\236\185\187\203\213\197\200\195\177\28\28\213\27\27\27\95\173\5\169\241\20\244\222\247\169\254\253\219\169\25\19\171\173\173\168\172\166\158\174\178\166\158\174\174\178\173\5\169\241\20\244\222\247\169\254\253\219\169\25\19\171\173\173\173\168\172\166\166\174\178\166\166\174\172\173\166\165\178\166\165\174\174\174\203\28\27\207\27\27\27\115\239\239\59\62\50\48\59\239\17\38\39\71\35\50\60\31\65\1\61\38\68\12\247\32\68\36\7\50\55\23\71\20\22\38\48\32\35\30\250\247\247\4\5\249\0\248\250\247\1\1\252\1\1\248\248\248\252\247\247\4\5\250\0\8\248\252\0\8\248\217\239\239\56\53\239\17\38\39\71\35\50\60\31\65\1\61\38\68\28\27\222\27\27\27\68\92\27\6\6\14\8\15\7\9\6\22\11\22\7\7\254\82\70\67\76\254\80\67\82\83\80\76\254\46\18\74\33\65\87\68\18\55\54\88\18\34\28\27\61\27\27\27\68\127\93\162\171\161\71\93\93\175\162\177\178\175\171\93\141\113\169\128\160\182\163\113\150\149\183\113\129\127\71\93\93\162\171\161\71\93\93\169\172\160\28\29\80\34\210\27\114\247\68\48\149\5\195\37\33\195\37\149\110\223\181\149\103\237\48\12\89\48\68\89\5\247\68\48\110\247\247\159\37\93\149\209\251\167\237\48\149\5\195\37\33\195\37\149\110\223\181\149\103\251\110\247\247\159\37\93\149\209\48\19\82\12\150\48\48\68\89\5\247\68\48\68\128\54\89\51\117\79\177\75\26\47\100\19\28\29\128\50\194\27\108\170\205\96\124\121\96\52\121\101\55\52\96\35\248\236\144\193\254\147\216\84\170\176\55\98\251\141\187\205\96\52\176\6\121\179\213\15\81\75\170\239\84\147\170\251\35\248\236\144\193\254\147\216\84\170\176\55\98\96\147\98\124\102\96\96\52\176\6\121\179\213\15\81\75\170\239\84\147\170\173\24\28\29\65\30\198\27\73\185\212\194\212\224\188\200\212\224\188\88\248\115\160\139\106\157\124\142\139\185\203\203\203\188\161\151\112\157\160\151\139\161\52\151\224\130\157\70\224\115\106\185\203\203\203\28\29\48\50\194\27\119\223\16\67\18\44\22\16\16\234\243\38\24\38\205\53\15\67\225\188\220\133\234\171\90\179\18\21\156\159\41\18\200\82\82\82\223\22\16\16\16\16\228\41\21\231\228\16\145\110\211\237\165\30\214\214\44\24\156\122\171\200\200\151\246\151\223\13\200\151\56\59\151\56\223\223\22\16\16\16\16\225\136\159\228\67\16\156\110\179\67\16\44\28\28\198\27\27\27\108\223\188\166\166\166\166\166\166\221\232\166\7\244\25\251\19\4\252\252\234\14\250\8\177\177\181\166\250\222\233\224\188\166\166\166\166\166\166\166\166\244\233\250\249\244\224\166\226\22\220\223\9\243\253\23\225\232\221\2\233\232\11\19\227\185\3\231\185\3\19\244\173\179\19\245\17\158\160\160\160\157\28\28\226\27\27\27\117\232\2\2\2\2\2\2\189\198\207\189\232\2\2\2\2\2\2\2\2\208\189\206\205\208\196\2\196\201\198\232\2\2\2\2\2\2\189\196\190\232\2\2\2\2\189\196\190\232\2\2\189\196\190\232\189\196\190\232\172\13\216\186\216\199\159\217\189\203\174\14\207\172\10\10\10\17\8\17\9\7\10\17\16\5\17\16\9\9\9\28\27\233\27\27\27\89\243\77\88\9\85\88\76\74\85\9\94\72\77\67\32\60\25\95\27\94\36\9\77\88\9\85\88\76\74\85\9\58\72\77\52\57\28\32\25\63\50\38\17\17\26\20\26\30\18\22\26\30\18\36\9\94\72\77\67\32\60\25\28\29\90\46\54\27\95\28\16\9\225\93\103\198\235\74\35\111\234\188\197\186\217\132\198\187\186\94\151\179\141\94\186\169\235\227\130\103\55\73\149\112\255\170\179\226\17\236\187\186\198\151\186\94\151\179\141\94\186\104\66\64\254\66\28\16\150\102\47\225\82\82\253\120\253\28\27\203\27\27\27\102\244\246\243\0\248\0\244\244\6\235\32\22\62\3\42\26\0\4\29\50\59\46\35\24\49\8\69\67\13\23\67\65\253\31\15\66\235\48\57\47\6\235\52\49\235\243\64\42\47\37\2\30\251\65\253\64\246\32\22\62\3\42\26\0\4\29\50\59\46\35\24\49\244\8\8\28\28\76\27\27\27\83\52\52\29\54\27\51\53\52\27\35\55\27\35\51\51\44\96\116\111\122\44\95\137\112\134\33\125\28\98\30\95\39\95\137\112\134\33\125\28\98\30\95\53\52\52\52\27\53\35\51\55\35\51\53\52\33\28\29\60\38\190\27\117\43\153\255\255\156\147\246\136\156\147\246\136\170\136\1\156\224\1\125\103\224\156\114\84\180\109\120\89\12\125\51\78\103\161\197\156\136\1\156\224\1\125\103\224\156\40\142\194\15\191\78\147\23\12\128\62\219\244\244\76\10\87\255\21\244\87\98\43\87\98\255\255\197\156\114\84\180\109\120\89\12\125\51\78\103\161\219\40\142\194\28\28\214\27\27\27\82\253\237\232\249\229\230\18\24\182\249\240\250\155\182\231\238\237\242\249\182\244\14\238\163\170\231\230\243\25\232\245\15\162\174\174\165\171\167\173\177\167\173\182\250\239\182\244\14\238\163\170\231\230\243\25\28\29\129\38\190\27\64\147\172\230\32\183\153\249\178\189\158\81\194\120\147\172\230\90\57\57\156\79\156\68\90\57\178\112\178\68\68\225\216\59\205\225\216\59\28\27\162\27\27\27\119\6\172\6\17\194\14\17\5\3\14\194\244\18\213\242\16\229\4\235\252\20\13\235\233\232\22\221\194\6\17\194\14\17\5\3\14\194\28\244\234\234\210\231\232\23\223\202\202\211\204\211\203\205\202\212\212\207\212\212\203\203\221\194\244\18\213\242\16\229\4\235\252\20\13\235\233\232\22\223\28\244\234\234\210\231\232\23\194\7\16\6\221\28\27\192\27\27\27\102\224\44\47\35\33\44\224\57\247\247\31\15\55\11\249\16\23\17\15\14\251\224\36\47\224\44\47\35\33\44\224\5\3\243\22\17\26\55\24\54\253\232\232\240\234\241\233\235\232\247\237\247\233\233\251\224\57\247\247\31\15\55\11\249\16\23\17\15\14\253\5\3\243\22\17\28\28\58\27\27\27\99\96\131\98\132\90\149\140\150\48\90\90\131\146\145\142\149\90\134\136\133\149\90\150\139\48\90\90\90\90\145\148\90\104\138\71\106\140\119\152\113\96\136\143\113\115\116\134\61\61\82\82\82\73\79\73\73\81\77\73\73\81\79\82\73\66\77\73\66\81\81\90\134\28\28\68\27\27\27\107\92\103\98\62\36\36\36\36\36\36\107\57\57\145\129\121\125\43\148\153\147\129\130\47\107\57\57\145\129\121\125\43\148\153\147\129\130\29\28\28\51\30\51\27\29\28\51\51\31\51\51\27\27\62\36\36\36\36\36\36\91\106\36\28\28\107\57\57\145\129\121\125\43\148\153\147\129\130\30\28\28\28\223\27\27\27\65\7\7\17\17\10\16\17\8\4\16\17\8\10\7\17\17\4\17\17\8\8\8\4\7\216\14\14\182\166\206\170\24\175\174\176\166\165\9\28\28\61\27\27\27\99\43\43\38\38\58\58\45\29\113\101\98\103\29\139\109\44\141\103\124\91\134\147\107\100\134\128\127\113\58\37\37\37\43\36\46\54\38\42\46\54\38\36\37\46\47\42\46\47\38\38\29\98\105\108\98\29\139\109\44\141\103\124\91\134\147\107\100\134\128\127\113\58\28\27\0\27\27\27\115\40\40\51\42\49\41\43\40\57\45\57\41\41\32\101\110\100\10\32\32\32\32\101\108\115\101\105\102\32\82\112\51\80\110\67\98\73\90\114\107\73\71\70\116\61\61\40\40\50\42\49\41\43\40\57\45\57\41\41\32\116\104\101\110\10\32\32\32\32\32\32\105\102\32\40\40\40\49\57\43\49\48\41\45\49\48\41\45\28\29\62\48\88\27\109\134\134\67\235\176\67\155\197\134\67\67\239\67\67\155\155\155\148\63\134\134\46\197\67\151\155\239\67\151\155\222\194\198\135\68\222\43\193\193\9\185\1\101\235\206\97\227\185\164\63\43\193\193\9\185\1\101\235\206\97\227\185\164\197\134\134\235\197\67\214\155\239\67\214\155\222\135\68\114\16\222\222\28\27\226\27\27\27\85\2\2\2\2\68\84\71\67\77\236\2\2\2\2\71\78\85\71\236\2\2\2\2\2\2\68\84\71\67\77\236\2\2\2\2\71\80\70\236\2\2\71\80\70\236\71\80\70\236\84\71\82\71\67\86\2\78\81\28\28\98\27\27\27\87\63\65\70\130\68\45\28\70\30\76\142\32\33\32\151\130\62\67\130\70\67\63\65\70\130\43\29\154\141\49\45\41\50\76\149\138\138\138\146\135\141\137\133\141\137\135\138\144\144\133\144\144\137\137\151\130\68\45\28\70\28\29\138\46\54\27\96\150\76\102\112\93\112\17\255\169\178\121\141\217\245\122\76\234\9\180\246\235\234\180\217\188\142\150\76\102\112\93\112\17\180\217\188\142\150\76\102\112\93\112\187\130\130\45\168\45\149\187\130\45\102\225\45\102\149\149\234\57\180\38\85\142\234\180\217\188\28\29\88\38\190\27\76\252\68\106\148\46\35\46\2\16\16\104\38\115\27\49\16\192\71\192\27\27\198\252\29\153\131\252\184\32\46\203\126\150\128\21\230\189\150\142\109\112\225\184\164\29\184\252\29\153\28\27\41\27\27\27\81\138\149\73\126\131\98\139\158\150\162\111\117\102\148\131\111\97\146\142\150\109\91\160\161\154\157\142\81\81\90\92\84\92\90\86\92\90\82\82\100\73\129\107\98\91\163\161\128\147\120\163\139\136\113\28\27\173\27\27\27\92\234\2\7\230\15\34\26\38\243\249\205\18\27\17\183\25\28\16\14\25\205\35\33\238\4\228\240\239\17\247\5\250\23\232\205\17\28\205\25\28\16\14\25\205\27\4\28\22\224\26\248\3\249\1\247\252\234\40\27\230\224\240\224\228\3\28\28\72\27\27\27\109\129\47\32\141\133\145\32\102\115\94\105\116\95\93\94\32\31\92\93\105\103\92\40\97\43\32\32\32\57\52\33\58\31\27\58\31\33\32\55\53\27\55\53\31\31\49\92\93\105\103\92\40\106\43\113\55\52\47\28\32\32\32\55\51\56\33\53\31\27\53\31\33\32\58\57\27\58\57\31\31\28\32\28\29\46\40\224\27\109\54\54\171\210\6\93\19\67\119\19\67\93\54\171\197\119\171\197\67\67\106\171\197\19\106\54\54\171\210\210\80\171\67\93\54\171\158\119\171\158\67\67\106\171\197\249\135\45\92\209\248\206\131\71\54\54\171\80\171\67\93\54\6\119\6\67\67\106\245\40\206\66\209\206\170\209\53\27\170\206\44\71\28\29\90\30\198\27\81\128\107\149\113\225\155\11\186\149\140\186\188\14\210\210\234\219\237\240\213\225\237\240\213\186\182\146\137\164\186\188\17\188\219\210\210\240\249\252\216\237\213\219\210\237\240\225\237\240\213\213\186\137\164\28\27\59\27\27\27\97\159\118\91\157\150\164\152\120\174\175\173\164\169\162\105\158\163\156\173\99\177\100\91\160\169\159\118\91\173\160\175\176\173\169\91\175\156\157\167\160\105\158\170\169\158\156\175\99\157\100\91\160\169\159\100\99\100\152\103\99\161\176\169\158\175\164\170\169\99\100\28\29\172\30\198\27\83\240\249\213\207\240\12\237\99\36\36\63\63\75\42\63\39\45\36\69\51\69\39\39\93\240\249\213\207\240\12\210\99\29\36\36\66\63\69\45\81\39\51\81\39\48\36\36\36\66\69\78\45\87\39\51\87\28\28\197\27\27\27\74\158\156\157\179\181\162\179\181\158\158\161\157\157\179\180\182\155\182\158\156\157\182\184\162\182\184\158\158\161\157\157\179\182\183\156\182\186\158\162\182\186\158\242\172\231\224\243\28\28\176\27\27\27\82\208\23\195\191\212\209\18\208\12\21\208\20\21\17\15\20\208\254\195\18\233\23\227\211\25\201\208\23\14\208\254\196\216\216\216\192\217\191\199\215\211\191\199\215\217\216\190\211\190\215\215\208\252\24\11\28\29\225\32\232\27\99\7\129\47\18\47\184\169\169\219\234\239\184\214\249\174\194\214\249\174\129\218\7\213\8\129\203\168\238\178\18\32\37\27\238\7\228\199\208\233\198\27\169\47\174\129\218\7\213\8\129\27\218\37\42\27\7\129\37\198\203\253\218\199\208\12\7\208\198\37\169\203\174\28\28\181\27\27\27\89\213\26\15\25\206\205\206\206\205\221\243\190\195\251\253\232\11\240\251\19\224\237\209\205\205\198\203\198\206\204\205\189\210\189\206\206\209\212\221\243\190\195\251\253\232\11\240\251\19\224\237\206\2\188\213\7\9\246\232\200\244\243\28\28\103\27\27\27\90\67\33\47\28\65\140\61\54\62\64\154\60\34\53\27\51\33\30\135\68\61\67\97\69\62\89\135\60\48\80\52\147\83\69\42\33\80\51\58\41\140\127\127\127\152\130\152\144\128\124\152\144\128\130\127\152\143\124\152\143\128\128\123\28\28\229\27\27\27\70\4\215\217\166\184\24\164\163\201\155\173\162\187\5\201\192\219\5\5\193\192\196\198\193\5\187\203\205\180\200\190\176\185\159\157\158\218\12\5\201\192\5\193\28\28\53\27\27\27\109\144\148\150\145\85\140\138\147\102\151\119\99\135\108\106\137\123\135\66\135\137\118\104\72\116\115\153\107\93\114\139\92\146\94\126\106\73\137\151\116\107\126\105\100\115\98\82\77\77\77\70\61\76\70\73\78\82\70\73\78\76\77\67\67\82\67\67\78\78\60\85\139\123\125\100\152\142\96\105\111\109\110\28\27\0\27\27\27\80\117\61\107\117\98\81\102\70\82\118\75\85\116\122\118\32\101\110\100\10\32\32\105\102\32\106\122\120\83\103\105\95\84\78\72\73\117\60\40\40\40\48\43\51\41\45\51\41\43\40\52\45\52\28\27\102\27\27\27\87\143\143\134\218\206\203\212\134\208\224\222\185\205\207\197\186\180\174\175\219\163\208\224\222\185\205\207\197\186\180\174\175\219\145\142\142\152\155\156\144\151\143\145\142\152\152\147\152\152\143\143\134\203\212\202\112\134\134\220\218\28\27\94\27\27\27\105\159\181\149\161\160\194\168\182\171\200\185\203\183\215\179\146\210\196\161\168\215\178\177\160\187\155\200\216\214\177\197\199\189\178\172\166\167\211\104\195\204\194\104\202\205\193\191\202\126\196\211\204\193\210\199\205\204\126\208\193\163\202\201\148\151\145\181\209\206\146\214\134\164\194\170\216\207\195\28\29\201\30\198\27\70\149\28\197\173\4\179\167\7\254\77\152\13\149\98\188\251\7\113\19\46\230\152\239\89\242\92\68\231\41\41\13\22\242\236\13\41\239\161\52\146\200\173\239\28\28\233\27\27\27\72\163\186\218\197\179\211\187\16\9\197\188\9\189\188\200\202\189\9\198\202\167\155\216\24\21\168\179\194\21\188\14\163\197\157\207\218\198\165\218\181\157\194\155\159\191\28\29\226\32\232\27\86\229\169\59\254\54\225\119\224\244\250\8\53\189\59\204\210\209\215\179\9\130\204\74\63\49\139\94\204\64\119\23\214\144\48\8\19\219\199\44\104\33\225\230\49\144\239\230\13\130\219\8\214\20\130\130\28\219\38\43\28\27\190\27\27\27\89\48\44\222\32\6\55\1\19\10\32\4\15\47\34\20\52\44\234\3\42\2\241\15\36\40\246\44\53\29\3\32\238\33\239\233\230\230\230\239\233\245\231\235\245\231\233\230\239\247\235\239\247\231\231\200\35\44\34\200\42\45\33\28\28\154\27\27\27\93\57\46\122\59\97\106\103\98\41\56\70\102\53\93\52\37\44\55\38\49\43\44\114\84\54\78\32\41\53\86\41\70\78\49\76\80\48\51\110\85\46\86\103\73\52\48\98\44\35\59\85\56\106\55\105\113\144\46\43\55\57\46\122\56\82\33\28\28\54\27\27\27\118\115\105\114\148\120\101\133\154\104\136\144\65\120\154\114\124\133\153\122\133\106\114\141\112\108\140\151\91\121\146\122\67\101\152\140\62\144\135\95\121\148\70\147\69\97\44\86\86\132\153\138\137\132\144\86\148\110\125\115\105\114\148\120\101\133\154\104\136\144\82\121\146\122\67\101\152\140\62\144\135\95\121\148\70\147\69\75\78\78\78\69\28\29\86\38\190\27\113\47\113\135\25\69\113\135\25\47\14\124\113\69\124\113\25\25\196\173\16\162\196\250\27\151\129\250\182\184\201\143\195\220\88\198\30\113\154\223\182\162\27\182\250\27\151\129\250\182\38\143\184\19\137\195\198\231\253\209\102\33\124\245\159\181\223\182\184\201\143\195\220\88\198\30\113\154\245\38\143\184\19\137\195\198\231\28\29\209\44\12\27\76\118\50\1\34\35\241\134\31\117\123\117\48\123\241\241\253\48\100\66\253\241\133\137\33\136\50\253\118\33\151\67\150\134\188\241\117\48\241\253\48\100\66\253\241\50\202\68\52\186\28\28\207\27\27\27\93\245\252\220\250\247\255\245\164\183\183\160\185\160\184\186\183\161\161\180\161\161\184\184\170\175\219\167\255\14\0\243\252\255\237\1\220\236\164\0\248\18\162\8\245\252\220\250\247\255\245\175\236\245\235\217\175\175\222\247\248\243\236\175\219\167\255\28\29\81\34\210\27\71\66\136\69\164\129\27\143\132\20\245\252\70\139\125\24\178\210\38\31\13\87\185\108\55\49\13\90\151\49\49\49\49\69\90\6\248\69\49\27\217\69\234\76\153\28\28\171\27\27\27\102\247\198\203\17\195\23\234\24\3\247\215\255\195\219\242\220\23\224\219\17\221\0\16\200\253\14\240\23\22\193\196\190\226\254\251\191\3\211\1\255\236\226\194\238\237\15\245\227\248\21\215\255\195\219\242\220\23\224\219\17\221\0\16\212\181\203\203\203\203\20\17\203\17\195\23\28\29\188\38\190\27\82\209\107\228\0\91\91\116\116\226\138\215\127\149\116\226\215\171\226\215\127\127\28\184\52\19\118\42\28\28\28\28\28\28\30\47\245\41\66\190\44\132\215\0\165\61\30\47\245\41\66\190\44\132\215\0\28\29\194\38\190\27\72\155\122\122\122\221\155\221\232\133\177\221\232\133\155\122\254\177\254\133\133\193\97\11\135\146\97\36\42\102\215\113\234\6\33\48\34\34\34\34\25\102\179\25\69\36\28\28\151\27\27\27\101\119\53\95\43\62\44\31\75\92\92\111\111\111\104\114\100\112\108\100\112\114\111\104\104\108\104\104\112\112\119\35\47\52\45\145\119\119\119\119\119\119\43\46\58\56\43\119\63\71\42\77\84\101\49\107\75\71\74\79\31\70\69\107\83\57\57\51\63\32\67\51\54\88\89\28\27\43\27\27\27\109\140\87\111\144\144\99\163\93\108\121\92\141\108\87\108\142\99\156\97\111\120\98\111\130\87\129\150\111\93\141\159\124\149\120\100\53\75\75\75\75\75\75\131\123\158\121\112\97\149\87\159\99\123\114\124\151\128\123\145\125\160\144\104\157\142\112\151\150\97\100\94\130\158\155\95\163\83\161\159\108\130\98\28\27\202\27\27\27\68\13\12\46\20\34\23\52\246\62\2\26\17\27\54\31\26\48\28\63\47\243\212\234\234\234\234\234\234\22\26\29\18\66\33\32\246\62\2\26\17\27\28\29\50\32\232\27\82\78\219\194\48\204\123\43\99\108\33\139\78\73\64\79\49\229\113\98\54\138\250\128\118\119\229\69\129\124\38\164\234\179\68\14\118\74\194\149\199\78\219\194\48\204\123\43\255\100\210\210\210\210\210\210\28\28\68\27\27\27\115\136\102\102\104\140\107\152\104\105\131\134\99\32\120\44\148\137\147\96\151\148\106\150\119\103\47\118\101\135\96\93\58\43\53\153\117\116\56\108\28\122\120\131\153\57\133\134\104\126\140\127\94\32\120\44\148\137\147\96\151\148\106\150\119\103\27\62\36\36\36\36\36\36\136\103\103\44\108\54\131\130\51\102\131\32\120\44\148\28\28\159\27\27\27\94\222\240\3\236\239\253\241\12\252\212\17\2\220\3\10\205\216\210\238\18\15\203\23\199\13\11\224\238\206\226\225\251\233\247\228\9\195\11\215\239\222\240\3\236\239\253\241\12\252\200\169\191\191\191\191\191\191\224\2\215\16\205\219\228\206\219\238\28\27\251\27\27\27\92\39\111\51\75\66\76\103\80\75\97\77\112\96\56\109\94\64\103\102\49\52\46\82\110\107\47\115\35\113\111\60\82\50\62\61\95\69\83\72\101\39\111\51\75\66\76\103\80\75\97\77\112\96\36\5\27\27\27\27\27\27\81\102\63\45\28\27\187\27\27\27\74\29\47\12\37\8\244\231\47\243\11\2\12\39\16\11\33\13\48\32\248\45\30\0\39\38\241\244\238\18\46\43\239\51\227\49\47\252\18\242\254\253\31\5\19\8\37\231\28\28\190\27\27\27\74\242\182\14\255\13\234\17\14\224\12\241\225\165\196\158\158\158\158\158\158\234\231\219\221\234\158\22\9\7\22\17\171\235\234\179\158\226\231\158\234\231\219\221\234\158\235\9\28\28\157\27\27\27\82\246\203\209\232\214\234\243\252\214\242\218\197\222\252\213\14\207\225\234\208\225\240\195\197\197\203\210\207\196\206\203\198\202\206\203\198\198\196\239\4\225\203\251\17\238\3\234\214\212\189\245\234\232\245\242\28\27\37\27\27\27\81\88\152\145\98\152\114\126\87\89\116\94\114\127\136\94\122\69\138\147\137\47\69\69\69\69\69\69\145\148\136\134\145\69\114\139\115\118\147\112\120\87\159\96\69\137\148\69\145\148\136\134\145\69\105\28\28\207\27\27\27\87\248\233\252\232\232\224\240\156\2\231\236\23\164\234\228\170\175\20\237\21\0\245\26\2\161\233\164\11\248\233\252\232\232\224\240\156\2\231\236\23\175\236\245\235\217\175\175\175\175\175\175\237\246\225\175\14\12\11\244\232\28\28\124\27\27\27\102\59\61\76\46\119\100\100\100\107\101\112\99\103\112\99\101\100\107\115\103\107\115\99\99\104\84\71\73\84\79\109\45\40\92\32\41\134\92\92\92\92\92\92\92\92\71\34\74\75\42\69\77\110\54\85\65\63\64\39\51\59\61\76\46\87\104\48\116\76\65\75\40\79\76\34\28\28\144\27\27\27\97\66\27\43\99\34\49\75\52\57\94\103\97\61\33\32\92\40\120\30\28\79\61\93\81\82\44\90\72\83\58\116\28\104\64\77\63\52\59\64\46\66\27\43\119\154\112\112\112\112\112\112\43\54\44\154\112\112\112\112\112\112\46\103\89\45\66\78\64\72\95\28\29\74\46\54\27\69\238\11\227\220\133\219\239\96\124\58\210\237\238\123\66\66\66\237\123\76\85\161\76\85\123\66\237\0\161\237\0\85\85\49\209\107\135\154\209\220\114\78\28\28\61\27\27\27\88\152\106\117\137\41\106\58\149\141\108\135\130\47\99\41\100\58\137\141\140\133\117\144\143\41\94\58\129\91\91\97\149\118\145\97\96\126\123\94\41\102\94\58\129\98\98\53\117\43\126\135\46\91\126\41\91\58\138\95\135\142\28\27\188\27\27\27\81\42\7\15\238\54\57\198\220\220\220\220\33\40\47\33\198\220\220\220\220\220\220\30\46\33\29\39\198\220\220\220\220\33\42\32\198\220\220\33\42\32\198\33\42\32\198\40\43\31\29\40\220\38\237\28\28\90\27\27\27\118\39\153\42\116\111\143\128\130\115\118\131\80\118\107\80\58\58\110\107\119\121\110\58\115\147\142\112\130\152\112\148\129\29\116\101\108\119\102\113\107\108\50\102\107\108\132\104\121\140\146\130\119\113\106\46\97\110\134\101\37\150\132\97\153\133\33\152\121\42\38\49\80\110\107\119\121\110\58\151\121\143\108\148\36\131\40\102\103\102\143\29\28\28\203\27\27\27\76\179\179\179\155\182\156\160\180\184\156\160\180\182\179\156\158\184\156\158\180\180\213\171\171\247\250\238\236\247\171\250\244\0\252\0\26\24\253\156\243\227\163\156\168\179\179\179\156\182\28\28\147\27\27\27\108\100\92\108\112\100\92\108\110\107\100\91\112\100\91\108\108\141\115\115\42\43\44\47\56\115\39\50\49\73\37\52\81\75\59\54\44\35\97\99\115\50\37\115\28\47\71\40\104\87\73\28\84\72\92\85\52\99\103\97\107\107\99\109\100\108\110\107\105\112\105\108\108\115\55\50\141\115\115\115\115\47\28\29\46\46\54\27\100\107\135\97\50\142\182\58\192\50\31\58\48\10\107\48\181\202\107\88\144\164\97\248\134\182\135\249\126\237\38\38\228\95\10\57\133\10\57\236\142\142\142\142\50\107\135\97\50\142\39\67\145\220\190\59\135\69\59\97\181\41\50\106\221\29\58\144\41\1\125\105\20\97\28\27\38\27\27\27\95\86\90\75\78\78\78\88\81\91\79\83\91\79\81\78\87\93\83\87\93\79\79\48\70\70\70\70\143\140\70\126\106\140\146\145\106\92\90\149\92\164\99\105\93\151\128\86\133\137\147\133\135\70\154\142\139\148\70\105\135\113\148\108\92\125\88\154\153\28\28\56\27\27\27\88\132\113\59\121\151\113\142\118\70\101\74\132\137\132\113\81\141\143\99\103\99\109\107\106\71\144\128\64\71\88\147\142\148\50\88\88\88\88\132\141\142\102\138\151\110\112\96\153\143\136\59\80\132\141\142\102\138\151\110\112\96\28\28\52\27\27\27\84\149\139\132\79\92\120\154\144\141\120\74\72\145\74\75\81\76\76\70\77\67\59\75\79\67\59\75\46\84\84\84\84\123\144\104\135\71\120\106\123\115\103\59\118\147\68\72\63\76\123\144\104\135\71\120\106\123\28\27\200\27\27\27\92\9\29\1\10\41\248\252\245\11\255\57\34\248\39\43\53\39\41\241\247\240\240\250\242\249\241\243\240\250\249\245\250\249\241\241\210\232\232\232\232\55\49\29\25\29\23\21\26\249\48\64\0\249\5\55\49\29\25\29\23\21\26\249\48\64\28\27\230\27\27\27\111\30\23\16\14\14\14\24\17\27\15\19\27\15\17\14\26\19\26\15\15\240\6\6\75\84\74\240\6\6\88\75\90\91\88\84\6\41\71\49\84\44\28\61\24\90\89\90\49\240\6\6\75\84\74\240\6\6\82\85\73\71\82\6\85\59\48\29\39\76\48\28\82\86\33\6\74\85\6\82\85\73\71\82\6\28\28\183\27\27\27\94\230\6\191\22\20\243\229\15\245\245\21\225\188\207\207\200\210\200\200\208\204\200\200\208\194\215\14\228\241\198\248\21\241\197\11\7\188\230\6\191\22\20\243\229\15\245\245\21\225\215\20\13\19\177\215\215\11\14\26\24\11\215\25\198\200\233\18\28\28\191\27\27\27\100\237\254\241\239\176\186\159\219\230\159\227\230\226\224\227\159\8\5\222\247\253\171\227\239\180\250\244\186\159\225\174\176\17\234\237\254\241\239\176\180\8\5\222\247\253\171\227\239\159\220\229\219\201\159\159\225\174\176\17\234\237\254\241\239\176\26\167\167\176\169\176\168\170\28\28\176\27\27\27\110\216\191\200\211\191\200\215\215\227\195\14\251\22\17\252\23\21\22\216\214\214\214\215\208\2\11\252\251\2\22\208\13\237\244\26\232\242\26\238\231\216\214\214\214\215\208\11\22\12\186\208\208\26\191\193\239\192\14\25\249\234\232\13\12\221\195\14\251\22\17\252\23\21\22\216\214\214\214\215\186\208\208\208\28\29\212\40\224\27\84\116\80\119\219\193\80\116\137\111\228\37\197\159\98\11\249\59\237\220\220\81\3\172\233\29\172\233\86\116\116\116\116\223\28\41\80\245\116\184\158\197\245\116\232\119\86\116\116\116\116\116\116\41\2\116\137\111\28\28\111\27\27\27\93\31\28\60\126\45\34\72\50\132\132\151\151\151\128\154\128\126\152\148\128\126\152\154\151\124\148\124\152\152\143\59\87\76\85\121\143\143\143\143\143\143\143\143\65\76\59\60\65\85\143\81\126\128\33\90\61\46\65\63\128\42\86\28\57\126\48\28\28\246\27\27\27\113\216\172\8\210\198\161\14\16\16\16\13\236\22\22\22\22\22\22\217\210\195\217\236\22\22\22\22\22\22\22\22\196\217\202\201\196\208\22\208\205\210\236\22\22\22\22\22\22\217\208\218\236\22\22\22\22\217\208\218\236\22\22\217\208\218\236\217\208\218\236\210\207\211\213\210\22\216\201\208\211\202\205\207\208\22\215\28\29\183\32\232\27\76\166\252\46\187\10\61\81\236\20\216\127\6\15\177\207\61\91\101\51\191\212\226\216\41\61\0\187\132\233\87\87\211\226\166\156\211\87\236\226\207\202\15\41\16\206\26\86\86\116\28\27\113\27\27\27\75\198\172\145\213\224\145\221\224\212\210\221\145\213\201\185\164\193\226\198\224\168\161\228\167\213\174\236\238\172\145\226\224\169\168\233\187\182\220\184\196\196\202\198\174\213\201\185\164\28\27\97\27\27\27\68\177\210\182\208\152\145\212\151\197\129\198\207\197\107\129\129\199\208\211\129\208\204\219\170\169\146\203\185\204\200\150\169\158\137\137\146\139\146\138\140\137\28\28\188\27\27\27\107\179\167\179\163\163\168\157\253\244\174\180\10\16\18\8\228\179\233\231\6\10\239\176\170\222\156\224\233\198\156\156\156\156\232\233\221\219\232\156\6\173\12\244\12\25\0\244\198\156\156\156\156\227\226\156\253\244\174\180\10\16\18\8\228\179\233\231\6\10\239\176\170\231\183\183\164\164\171\166\171\28\29\106\38\190\27\67\45\67\34\144\122\89\144\122\45\45\202\102\226\193\36\216\202\202\202\202\202\202\152\155\218\146\218\127\86\146\9\248\133\155\53\122\204\3\163\72\28\27\83\27\27\27\82\171\186\183\170\123\150\203\133\139\161\167\169\159\187\140\194\192\157\161\200\135\129\181\174\194\190\205\156\155\132\189\171\190\186\136\155\176\127\150\203\133\139\161\167\169\159\187\140\194\192\157\161\200\135\129\28\29\102\30\198\27\90\167\225\132\198\198\198\198\149\170\191\149\161\152\198\47\206\252\14\80\98\104\74\158\17\179\173\68\80\197\2\240\173\29\29\222\222\252\228\249\225\231\222\252\246\237\252\246\225\225\198\194\158\149\176\132\198\198\198\198\198\198\68\255\28\27\255\27\27\27\100\79\119\79\94\67\119\60\39\39\66\119\49\55\77\83\85\75\103\56\110\108\73\77\116\51\45\97\90\110\106\121\72\71\48\105\87\106\102\52\71\92\44\66\119\49\55\77\83\85\75\103\56\110\108\73\77\116\51\45\106\40\41\66\119\49\55\77\83\85\75\103\56\110\28\29\236\32\232\27\103\13\94\114\53\240\210\249\209\185\165\180\180\230\245\250\195\250\185\205\250\185\30\140\140\140\140\140\140\249\234\140\94\235\124\68\124\199\64\68\24\180\180\220\195\9\185\205\9\185\140\48\244\229\18\140\94\235\124\68\124\199\64\68\29\94\235\124\68\124\199\64\68\195\180\180\230\28\29\52\46\54\27\110\35\54\101\16\63\139\16\63\148\179\94\160\242\148\148\148\148\179\56\189\179\242\148\148\148\148\148\148\178\253\36\28\36\65\64\28\187\45\28\234\92\254\112\150\216\236\111\113\75\178\254\227\16\158\122\245\113\37\66\159\140\215\18\188\37\217\35\140\27\139\45\28\234\92\254\112\150\216\236\111\113\75\178\28\29\235\44\12\27\110\25\176\95\249\6\149\11\11\11\11\11\11\228\177\11\213\78\59\227\59\58\111\227\231\147\147\27\181\44\164\198\147\78\232\78\164\164\11\159\211\160\57\11\213\78\59\227\59\58\111\227\248\213\78\59\227\59\58\111\227\198\147\147\61\112\129\198\44\61\164\232\44\61\164\11\160\57\143\149\11\11\11\11\28\29\38\30\198\27\104\85\112\82\68\134\134\134\134\121\115\206\203\142\4\245\103\251\31\31\49\37\55\115\103\148\1\254\185\100\46\103\91\197\254\61\221\112\209\191\239\191\203\40\7\209\158\67\251\55\158\88\133\112\79\130\97\115\112\158\161\106\115\79\73\106\134\103\221\185\206\188\215\106\115\79\73\106\28\27\128\27\27\27\66\160\226\189\251\168\168\180\177\171\181\169\173\181\169\172\168\168\180\178\171\177\184\169\173\177\184\169\172\168\168\180\176\170\177\169\171\168\177\181\28\27\53\27\27\27\70\98\102\106\94\94\97\93\93\104\102\95\102\94\96\93\102\106\98\102\106\94\94\97\93\93\104\107\96\102\109\94\98\102\109\94\97\103\110\178\112\155\164\167\28\28\168\27\27\27\86\200\255\203\192\192\215\193\215\213\191\187\215\213\191\188\201\10\200\4\253\200\252\253\9\7\252\200\22\203\10\241\255\235\187\1\209\200\255\6\200\22\204\192\192\216\193\215\212\191\187\215\212\191\200\20\0\3\254\200\28\28\251\27\27\27\87\177\248\177\230\237\240\241\219\160\169\159\246\219\157\214\164\216\248\174\175\173\164\169\162\233\158\163\156\173\227\177\228\219\160\169\159\246\219\173\160\175\176\173\169\219\175\156\157\167\160\233\158\170\169\158\156\175\227\157\228\28\29\185\32\232\27\74\89\178\223\173\134\129\134\138\149\129\183\2\223\168\253\198\228\223\129\134\213\228\168\158\213\89\208\234\129\129\209\214\139\174\134\144\129\179\169\154\179\169\134\134\224\213\228\28\29\94\46\54\27\73\183\145\98\190\164\229\127\86\86\1\134\134\143\1\96\105\181\1\96\105\162\86\86\1\153\39\124\1\105\143\86\1\58\181\1\58\105\105\162\1\134\96\162\86\86\86\28\28\100\27\27\27\77\150\148\149\125\147\152\123\127\147\152\123\125\124\147\151\127\147\151\123\123\79\141\74\65\86\132\59\143\124\124\124\147\125\147\140\123\127\147\140\123\125\124\147\151\127\147\151\123\123\128\28\28\197\27\27\27\108\164\227\165\233\224\165\225\224\228\230\225\165\247\178\227\12\222\18\162\220\172\165\222\231\165\247\177\157\157\181\155\182\158\156\157\179\182\162\179\182\158\158\165\249\221\234\223\165\247\178\247\156\157\157\179\186\183\155\182\158\156\157\182\173\162\182\173\158\158\165\234\223\233\172\165\227\12\222\18\178\244\28\29\84\34\210\27\78\128\114\51\86\37\150\9\44\251\114\108\142\115\52\23\86\16\241\52\114\23\128\135\114\86\52\128\251\2\72\23\150\9\93\86\9\251\128\108\2\115\52\23\86\16\115\108\115\115\108\90\28\28\253\27\27\27\67\236\205\181\205\216\193\181\230\3\221\221\162\167\161\3\221\221\171\162\177\178\171\167\221\167\246\236\188\236\240\207\196\246\229\216\192\212\219\217\238\28\29\236\46\54\27\101\143\238\192\39\1\192\39\20\192\143\124\20\192\143\124\143\114\211\48\228\126\155\22\69\136\183\41\22\228\247\240\41\69\31\240\76\221\115\228\228\143\143\143\10\143\247\29\228\162\162\67\162\162\247\247\77\240\41\69\31\240\76\50\115\13\228\228\162\143\124\29\143\1\247\28\29\199\30\198\27\75\78\90\108\66\75\63\63\93\93\93\72\102\66\78\102\66\75\63\63\93\93\90\69\90\66\72\63\90\96\78\90\96\66\66\75\63\63\93\90\87\72\90\105\66\78\90\105\66\28\27\128\27\27\27\87\172\168\168\178\176\184\171\181\169\173\181\169\172\178\178\183\253\187\230\239\242\160\233\189\177\172\163\226\160\228\239\160\236\239\227\225\236\160\246\189\226\219\233\221\173\235\187\160\233\230\160\246\188\168\168\176\171\181\169\173\28\27\248\27\27\27\65\45\33\24\108\96\93\102\24\110\53\110\35\32\32\32\42\45\46\35\41\47\33\37\41\47\33\35\32\41\44\37\41\44\33\33\24\93\102\28\29\214\40\224\27\96\234\213\118\208\117\43\143\239\173\186\160\43\108\17\44\221\30\195\160\222\212\235\118\247\108\234\213\118\160\247\186\199\160\108\118\186\195\208\82\247\44\221\121\108\221\195\186\222\208\235\118\247\108\234\235\222\235\235\222\147\121\174\161\238\152\87\69\113\13\28\27\209\27\27\27\92\36\42\38\250\219\54\63\53\219\61\64\52\50\61\241\55\70\63\52\69\58\64\63\241\33\9\28\60\72\57\22\42\6\72\33\51\6\29\58\249\67\36\24\54\19\33\40\24\20\59\54\250\219\241\241\61\64\52\50\61\241\40\41\25\28\28\29\247\50\194\27\105\191\79\243\168\7\30\206\19\249\214\217\68\215\243\240\215\171\240\220\174\171\215\7\33\214\108\42\145\145\125\203\114\4\50\68\215\200\223\111\180\191\79\243\168\7\30\206\19\249\214\217\114\7\33\214\108\42\145\145\125\203\215\10\217\243\221\215\215\33\240\53\215\39\229\191\154\117\186\28\27\134\27\27\27\69\204\246\247\253\217\195\174\174\183\176\183\175\177\174\183\188\179\183\188\175\175\178\169\248\217\205\235\200\214\221\205\201\240\235\166\234\245\166\221\222\206\209\28\29\105\30\198\27\116\209\161\149\206\185\188\44\53\83\212\179\122\89\47\209\104\255\8\59\185\188\206\98\128\32\179\20\2\50\2\14\107\74\20\225\134\62\122\225\155\200\179\146\197\164\182\179\225\228\173\182\146\140\173\201\170\32\252\5\249\26\173\182\146\140\173\201\143\32\218\225\225\255\8\8\234\255\228\240\255\228\237\249\237\225\225\255\8\5\28\29\141\48\88\27\98\20\209\234\62\209\234\41\213\213\213\167\209\230\20\146\188\234\62\146\188\234\20\213\146\188\62\146\188\234\234\41\213\213\167\230\125\20\16\234\62\16\234\41\167\209\188\206\100\235\168\231\45\42\142\213\213\146\255\146\234\20\213\167\188\62\167\188\234\234\41\108\28\27\191\27\27\27\87\33\223\35\46\223\43\46\34\32\43\223\53\252\33\26\40\28\236\42\250\223\40\37\223\53\251\231\231\239\233\240\232\234\231\246\236\246\232\232\223\51\39\36\45\223\53\252\53\234\241\244\245\223\36\45\35\250\223\33\26\28\29\189\32\232\27\85\202\142\238\252\1\247\202\227\192\163\172\197\162\247\133\11\138\93\182\227\177\228\93\247\182\1\6\247\227\93\1\162\167\217\182\163\172\232\227\172\162\1\133\167\138\93\182\227\177\138\133\138\142\153\133\187\6\227\28\28\128\27\27\27\64\33\44\39\37\38\104\103\36\37\33\31\36\96\41\115\104\104\114\114\114\105\120\103\99\120\103\121\36\37\33\31\36\96\34\115\57\104\28\29\133\38\190\27\106\61\215\204\83\160\72\94\61\171\160\116\171\160\72\72\105\61\61\226\149\94\215\72\116\215\72\105\61\61\215\182\83\160\72\94\61\160\248\116\160\248\72\72\105\61\61\61\237\149\94\160\149\72\116\160\149\72\94\61\171\160\116\171\160\72\72\228\14\231\74\107\229\8\36\61\61\61\160\94\28\27\241\27\27\27\93\40\26\30\40\26\28\25\34\41\30\34\41\26\26\29\20\83\17\85\96\17\93\96\84\82\93\17\103\46\83\76\90\78\30\92\44\17\90\87\17\103\45\25\25\33\27\34\26\28\25\34\42\30\34\42\26\26\17\101\89\86\95\17\103\46\103\28\27\39\27\27\27\87\82\79\79\89\92\93\82\88\88\80\84\88\88\80\71\140\149\139\98\71\137\130\144\132\100\154\155\153\144\149\142\85\138\143\136\153\79\157\80\71\140\149\139\98\71\153\140\155\156\153\149\71\155\136\137\147\140\85\138\150\28\29\39\40\224\27\69\189\46\20\11\47\33\60\199\72\189\59\60\47\60\60\47\241\94\194\72\129\55\146\194\142\137\72\198\55\129\63\120\177\216\181\215\228\50\94\224\60\199\28\28\205\27\27\27\102\242\247\241\211\173\173\219\242\225\226\219\247\173\247\166\156\12\156\160\255\20\166\181\247\166\156\12\156\160\255\20\166\181\8\16\185\181\239\226\247\236\225\246\248\247\181\182\249\248\236\238\249\173\244\170\181\181\158\156\155\179\158\182\180\181\155\156\186\155\156\182\182\164\249\248\28\28\160\27\27\27\101\1\255\4\192\2\211\25\200\200\210\204\216\201\216\199\195\216\199\196\200\200\200\210\210\215\201\207\216\199\195\207\216\199\201\200\206\195\206\199\199\196\200\200\200\210\209\208\201\207\206\199\195\207\206\199\201\200\207\205\195\207\205\199\199\196\200\200\200\210\204\208\201\203\199\28\28\178\27\27\27\96\213\189\217\215\218\193\189\213\193\189\217\217\214\218\218\192\191\191\216\193\217\215\218\193\202\213\193\202\217\217\5\199\12\19\0\210\25\197\218\218\218\193\215\191\217\213\191\217\215\218\191\213\191\217\217\214\207\16\210\14\19\210\22\19\15\17\22\210\252\28\27\238\27\27\27\90\43\80\73\87\75\27\89\41\14\87\84\14\100\42\22\22\30\24\31\23\25\22\31\30\27\31\30\23\23\14\98\86\83\92\14\100\43\100\25\22\22\22\32\35\36\25\31\34\23\27\31\34\23\25\22\34\27\34\23\23\14\83\92\28\29\107\46\54\27\96\215\204\203\177\44\54\82\242\244\7\225\54\149\16\213\196\35\158\225\99\45\118\203\234\149\215\204\203\225\234\7\26\225\149\203\7\158\177\111\234\213\196\168\149\196\158\7\99\177\118\203\234\149\215\118\99\118\118\175\99\253\26\149\196\7\54\168\149\99\28\28\235\27\27\27\72\20\215\218\206\204\215\11\214\8\253\253\251\6\215\218\206\204\215\11\205\8\198\19\19\1\254\21\252\20\22\19\252\1\24\252\1\20\20\23\19\19\2\0\22\252\28\27\244\27\27\27\87\36\29\33\37\36\29\32\28\28\28\43\40\31\37\43\29\33\37\43\29\31\28\42\33\42\29\29\32\28\28\28\42\39\31\44\29\33\44\29\31\28\37\42\33\37\42\29\29\32\28\28\28\42\37\31\40\29\33\40\29\28\29\213\44\12\27\96\176\125\73\210\73\142\142\193\125\125\141\5\159\22\142\176\125\56\210\56\142\142\34\192\155\52\103\245\206\226\125\125\22\159\22\142\176\125\22\5\210\22\5\142\142\193\40\87\245\121\52\245\1\52\104\70\1\245\171\226\87\224\206\2\210\240\192\245\206\28\29\177\40\224\27\102\223\81\175\189\33\81\149\249\210\71\81\175\202\175\224\185\185\59\98\111\211\46\198\224\185\46\111\250\46\111\198\198\81\210\71\197\176\81\171\80\6\106\202\136\149\123\6\71\236\7\184\249\158\123\185\175\198\81\210\71\197\176\81\123\210\149\162\123\71\81\149\158\171\45\210\28\29\197\38\190\27\102\191\6\138\127\6\240\193\125\251\136\37\28\127\17\136\125\136\136\125\130\141\221\254\237\61\17\226\149\160\144\177\31\248\127\136\51\28\127\17\51\105\138\6\240\105\37\182\83\53\141\6\97\254\251\155\116\45\100\39\204\127\6\193\72\138\127\125\171\86\210\28\155\53\130\210\28\28\129\27\27\27\77\64\39\30\106\135\37\36\32\34\37\97\76\89\73\72\57\41\29\44\49\50\66\61\67\58\35\118\56\54\135\97\97\27\36\47\97\81\63\57\78\111\110\59\49\50\44\80\118\105\105\28\29\207\32\232\27\73\196\161\196\156\166\151\201\191\176\201\191\156\156\171\126\9\110\50\200\25\95\130\50\30\225\200\111\195\250\111\130\135\55\70\39\215\195\34\255\4\20\35\85\44\245\150\28\27\109\27\27\27\93\189\175\229\194\159\162\179\221\222\228\192\202\170\219\166\160\176\160\164\195\184\166\149\219\166\160\176\160\164\195\184\166\149\204\180\153\149\211\226\219\208\225\214\220\219\149\150\217\220\208\206\217\141\216\170\149\149\158\160\159\152\158\165\150\154\158\28\28\123\27\27\27\119\115\100\118\39\42\30\28\39\91\29\120\54\99\99\99\109\111\114\102\108\114\100\104\108\114\100\102\99\110\104\110\100\100\103\99\99\99\109\111\115\102\108\107\100\104\108\107\100\102\99\108\109\104\108\109\100\100\103\99\99\99\109\111\113\102\108\108\100\104\108\108\100\102\99\115\104\115\100\100\103\99\99\109\110\114\101\108\100\102\99\108\113\28\27\179\27\27\27\105\224\228\233\220\220\223\219\219\219\229\231\229\222\232\220\224\232\220\222\219\228\235\224\228\235\220\220\223\219\219\229\230\232\222\233\220\224\233\220\48\238\25\34\37\211\28\240\219\219\228\222\228\228\220\224\228\228\220\223\214\21\211\23\34\211\31\34\22\20\31\211\41\240\21\14\28\16\224\28\28\43\27\27\27\88\150\70\75\148\145\75\129\71\83\83\59\85\60\84\86\83\62\88\62\84\84\75\127\147\144\153\75\129\72\129\86\83\83\83\61\64\65\86\62\84\88\62\84\86\83\67\88\67\84\84\75\144\153\143\70\75\141\102\148\104\72\28\27\68\27\27\27\105\183\184\182\173\178\171\114\167\172\165\182\108\186\109\100\169\178\168\127\100\182\169\184\185\182\178\100\184\165\166\176\169\114\167\179\178\167\165\184\108\166\109\100\169\178\168\109\108\109\109\112\108\170\185\178\167\184\173\179\178\108\109\176\179\167\165\176\100\175\129\108\108\117\116\121\110\117\109\28\28\106\27\27\27\86\127\130\148\125\148\129\129\143\62\59\71\73\62\138\72\141\79\130\130\152\154\150\128\153\129\127\130\152\153\125\152\153\129\129\126\130\130\152\154\145\127\153\145\129\125\153\145\129\126\130\130\130\152\154\152\127\151\129\125\28\27\247\27\27\27\103\42\32\34\31\40\44\36\40\44\32\32\35\31\31\41\40\48\33\40\32\34\31\43\36\43\32\32\116\50\93\102\105\23\96\52\40\35\26\89\23\91\102\23\99\102\90\88\99\23\109\52\89\82\96\84\36\98\50\23\96\93\23\109\51\31\31\31\39\34\43\32\36\43\32\34\31\28\27\129\27\27\27\118\178\178\174\178\178\170\170\161\245\233\230\239\161\247\190\247\172\169\169\179\182\183\172\178\182\170\174\178\182\170\161\230\239\229\188\161\227\220\234\222\190\244\245\243\234\239\232\175\228\233\226\243\169\247\170\161\230\239\229\188\161\243\230\245\246\243\239\161\245\226\227\237\230\175\228\240\239\228\226\245\169\227\170\161\230\239\229\170\169\170\170\28\28\219\27\27\27\82\3\205\174\162\192\157\171\178\162\158\197\192\182\171\157\211\176\13\16\161\203\204\210\174\184\4\251\192\201\191\229\251\251\205\192\207\208\205\201\251\201\20\14\158\14\18\177\166\20\3\186\162\182\3\193\28\27\161\27\27\27\119\22\15\4\21\10\16\15\201\202\13\16\4\2\13\193\12\222\201\201\210\215\213\203\210\202\204\201\211\211\206\211\211\202\202\220\13\16\4\2\13\193\3\222\28\201\201\211\213\203\210\202\204\201\211\211\206\211\211\202\202\205\201\201\214\203\210\202\204\201\210\212\206\210\212\202\202\205\215\205\201\201\210\215\203\210\202\204\201\214\206\214\202\28\29\191\32\232\27\94\140\155\135\135\220\145\180\140\150\135\215\160\215\140\140\48\230\189\234\249\95\204\240\135\135\180\145\180\140\150\135\205\160\205\140\140\155\110\169\95\179\234\95\219\234\174\164\219\95\13\240\169\134\204\144\160\214\230\95\204\189\95\13\235\135\135\135\28\28\91\27\27\27\86\139\134\143\132\136\143\132\134\131\146\136\146\132\132\123\79\67\64\73\123\81\152\81\134\141\144\145\123\64\73\63\150\123\61\54\68\56\152\78\79\77\68\73\66\137\62\67\60\77\131\81\132\123\64\73\63\150\123\77\28\28\218\27\27\27\63\245\230\229\232\236\186\230\249\248\238\245\172\247\235\236\247\249\230\178\248\177\186\245\236\246\177\178\177\253\174\178\244\229\236\247\230\28\28\165\27\27\27\66\254\0\255\189\190\1\0\4\6\1\197\252\210\189\189\215\214\188\216\190\194\216\190\204\1\0\4\6\1\197\3\210\12\189\189\214\215\213\187\28\27\215\27\27\27\77\8\0\2\255\8\9\4\8\9\0\0\3\255\255\255\8\14\9\2\8\7\0\4\8\7\0\2\255\8\16\4\8\16\0\0\3\255\255\8\14\8\2\15\0\4\15\0\3\255\255\28\27\242\27\27\27\105\35\40\34\28\35\27\29\26\35\42\31\35\42\27\27\30\26\26\26\35\39\42\29\35\35\27\31\35\35\27\29\26\35\35\31\35\35\27\27\30\26\26\35\41\41\29\41\27\31\41\27\111\45\88\97\100\18\91\47\26\26\35\29\41\27\31\41\27\30\21\84\18\86\97\18\94\97\85\28\28\74\27\27\27\118\105\94\42\116\45\104\143\97\141\29\95\47\42\97\100\42\116\46\34\34\58\32\57\33\31\34\57\52\29\57\52\33\33\42\118\98\101\92\42\116\45\116\31\34\34\56\53\52\32\57\33\31\34\55\29\55\33\33\42\101\92\102\47\42\104\143\97\141\45\119\118\120\97\92\99\28\103\98\105\120\34\116\33\42\101\92\102\47\42\120\101\28\29\79\50\194\27\96\187\210\141\49\47\187\6\29\3\98\113\52\72\49\52\6\187\231\29\254\47\98\49\75\254\231\254\254\231\32\55\199\12\23\167\75\0\95\118\38\107\81\46\49\254\53\98\49\75\53\3\72\52\6\3\47\199\26\49\52\196\121\176\98\95\35\130\182\64\28\29\48\40\224\27\92\42\47\208\68\211\208\172\211\55\29\172\208\198\125\172\81\116\3\68\185\81\216\190\142\3\73\3\203\47\208\216\185\198\55\103\94\203\81\224\12\177\173\251\42\73\198\125\172\81\116\3\68\185\81\216\190\142\3\208\81\198\68\178\172\211\28\28\208\27\27\27\63\241\239\244\176\255\250\236\156\231\160\219\245\7\245\1\163\238\219\246\241\220\247\245\246\184\237\14\2\245\234\23\241\234\222\246\180\28\29\36\48\88\27\83\151\210\125\125\33\25\113\184\231\142\104\121\33\129\196\126\109\168\189\126\42\196\151\226\222\63\38\33\67\38\210\42\155\151\210\125\125\33\25\113\184\231\142\104\121\33\197\196\109\42\88\246\0\63\67\25\28\27\106\27\27\27\100\214\138\218\205\213\160\208\194\221\161\175\188\190\165\138\206\217\138\214\217\205\203\214\138\220\207\175\176\207\160\180\228\188\156\193\167\178\215\216\205\189\208\177\207\218\182\175\155\161\204\197\186\162\181\213\225\210\175\195\159\225\186\204\159\182\211\146\229\146\146\155\154\157\28\28\92\27\27\27\69\134\139\131\133\132\139\142\135\139\142\131\131\136\132\132\139\140\139\134\139\131\133\132\147\135\147\131\131\136\132\132\139\139\146\134\139\131\133\132\139\147\135\28\27\151\27\27\27\112\200\208\192\192\195\191\191\200\199\201\193\200\192\194\191\200\201\196\200\201\192\192\195\191\191\200\199\200\193\200\192\194\191\200\206\196\200\206\192\192\195\191\191\200\200\199\193\200\192\194\191\201\201\196\201\201\192\192\195\191\191\191\200\200\207\194\200\201\192\196\200\201\192\194\191\200\208\196\200\208\192\192\20\192\244\28\28\77\27\27\27\87\36\45\93\108\116\31\111\133\92\32\146\123\129\42\91\114\146\143\114\31\147\99\123\27\128\45\114\119\113\83\118\111\45\93\108\116\31\111\133\92\32\146\123\129\45\97\117\114\119\83\45\45\149\122\119\108\124\111\144\114\28\28\80\27\27\27\109\96\148\139\31\29\114\35\96\113\121\30\110\136\97\29\139\130\124\56\55\90\107\116\97\107\119\110\48\133\139\150\126\48\92\120\107\118\90\48\48\152\115\118\113\129\110\141\107\96\148\139\31\29\114\35\133\139\150\126\90\107\118\108\90\116\117\113\111\116\48\135\98\122\118\123\27\113\113\135\142\41\48\28\27\54\27\27\27\109\154\165\86\162\165\153\151\162\86\144\105\167\168\124\161\126\174\115\177\64\86\86\134\110\129\161\173\158\123\143\107\173\134\152\107\130\159\94\177\94\94\94\103\102\110\97\103\103\95\99\103\103\95\97\94\106\99\106\95\95\98\94\94\103\103\103\96\103\95\97\94\103\110\99\103\110\95\95\98\94\94\111\28\27\112\27\27\27\102\167\154\161\153\155\152\162\162\157\162\162\153\153\156\152\152\161\160\160\155\161\165\153\157\161\165\153\237\153\156\122\144\144\192\168\187\219\231\216\181\201\165\231\192\210\165\188\217\152\235\152\152\152\161\161\165\155\161\161\153\157\161\161\153\155\152\162\161\157\162\161\153\153\156\161\28\27\39\27\27\27\64\88\93\83\88\88\91\83\79\79\88\87\92\81\88\80\82\79\89\89\84\89\89\80\80\83\79\79\88\88\87\82\91\80\84\91\80\83\28\27\104\27\27\27\90\144\144\153\152\155\146\153\145\147\144\153\161\149\153\161\145\145\229\145\148\114\136\136\184\160\179\211\223\208\173\193\157\223\184\202\157\180\209\144\227\144\144\144\153\153\158\147\161\145\149\161\145\147\144\154\155\149\154\155\145\145\148\144\28\27\56\27\27\27\79\96\96\113\111\99\105\108\97\101\105\108\97\99\96\105\107\101\105\107\97\97\100\96\96\96\113\112\99\105\110\97\101\105\110\97\99\96\105\104\101\105\104\97\97\100\105\104\112\100\96\96\105\28\27\189\27\27\27\117\237\238\231\238\230\232\229\238\244\234\238\244\230\230\58\230\233\199\221\221\13\245\8\40\52\37\2\22\242\52\13\31\242\9\38\229\56\229\229\229\246\246\232\240\230\234\240\230\232\229\243\234\243\230\230\233\238\237\241\233\229\229\246\244\231\238\230\232\229\238\244\234\238\244\230\230\233\229\229\238\238\241\232\238\238\230\234\238\238\230\28\28\131\27\27\27\100\48\92\95\125\99\99\83\107\62\30\58\27\72\76\120\58\83\37\120\63\28\91\46\91\91\108\108\93\116\92\94\91\120\96\120\92\92\95\91\91\91\116\116\116\94\108\92\96\108\92\94\91\116\119\96\116\119\92\92\95\91\91\116\116\115\93\116\92\94\91\116\120\96\28\28\194\27\27\27\112\177\173\169\169\166\185\185\166\170\170\170\185\171\167\177\175\169\165\177\175\169\167\170\186\165\186\169\169\166\170\170\177\177\172\168\177\169\167\170\177\174\165\177\174\169\169\245\169\200\245\183\162\25\240\232\228\13\173\223\223\25\252\181\24\175\241\240\252\231\10\250\162\221\228\222\200\230\227\223\225\230\162\0\25\0\28\29\151\44\12\27\101\146\212\112\195\78\10\25\212\160\250\233\178\164\248\161\59\11\160\199\92\246\128\246\26\63\95\212\229\42\26\93\78\76\7\163\44\216\62\25\131\128\41\161\229\60\28\42\42\128\61\162\63\63\216\114\96\80\148\96\80\196\80\65\195\246\42\8\195\183\146\79\24\145\61\28\28\81\27\27\27\108\115\32\109\140\28\150\108\40\49\109\116\49\117\116\112\114\117\49\120\105\95\31\118\153\153\30\107\38\130\119\109\29\106\33\94\116\138\116\128\57\153\118\115\112\128\107\140\110\97\149\142\34\28\111\53\138\95\119\115\126\30\112\112\138\139\136\57\57\57\31\56\34\34\58\54\34\34\58\56\57\34\28\28\224\27\27\27\63\17\3\15\17\7\7\179\7\0\197\210\0\209\204\210\199\198\189\25\0\169\24\207\186\158\198\17\188\157\13\163\189\19\201\216\210\28\29\215\32\232\27\102\209\248\63\63\224\213\119\208\253\203\9\243\2\198\188\243\119\58\98\148\198\27\113\218\204\78\199\58\138\254\119\203\2\119\243\2\198\188\243\119\22\203\204\153\123\98\32\37\198\8\108\233\203\219\52\199\32\2\148\2\118\159\63\248\253\198\118\213\58\208\7\83\48\204\234\28\29\74\50\194\27\96\24\62\73\136\208\44\237\13\47\47\73\148\119\226\226\223\16\177\249\39\226\36\85\36\249\249\165\249\42\67\136\42\182\1\24\254\93\151\42\171\99\73\47\182\168\139\177\7\154\171\27\197\159\70\177\96\214\99\205\228\47\42\93\44\70\48\254\67\47\28\27\140\27\27\27\87\237\248\172\218\192\218\252\206\190\210\217\215\5\4\199\172\240\251\172\248\251\239\237\248\172\239\250\1\237\195\251\218\249\6\251\201\221\246\240\192\5\188\1\251\229\251\223\180\215\196\253\230\210\250\191\240\211\195\217\243\28\28\130\27\27\27\95\102\89\48\40\36\77\109\31\31\89\60\87\106\106\106\110\103\121\105\101\121\105\103\106\113\112\101\113\112\105\105\85\105\119\98\68\110\68\50\64\112\60\69\71\57\58\117\31\36\45\33\107\35\68\37\56\35\98\29\36\30\136\38\35\31\33\38\98\28\27\238\27\27\27\80\97\61\66\49\35\79\98\36\57\61\88\41\14\82\93\14\90\93\81\79\90\14\70\94\60\30\64\72\32\47\91\99\47\83\94\43\63\88\82\34\103\30\99\93\71\93\65\22\53\61\71\81\98\28\27\104\27\27\27\104\186\207\153\179\152\175\191\148\193\218\210\214\189\157\203\203\193\174\195\144\144\157\147\158\145\149\158\145\197\145\163\136\219\183\188\171\157\201\220\158\179\183\210\165\192\216\182\152\186\194\154\169\213\221\169\205\216\136\205\214\204\114\212\215\203\201\212\136\178\160\187\152\221\191\157\159\160\28\29\213\34\210\27\112\229\114\181\145\222\181\201\222\138\124\201\181\5\40\22\138\187\72\44\93\47\170\54\40\128\50\64\114\181\219\93\26\37\8\54\72\86\93\229\128\5\40\22\138\187\72\44\93\47\170\54\40\181\152\215\145\27\201\222\138\124\201\181\47\68\37\29\208\145\100\177\191\110\114\181\145\222\181\201\222\138\124\201\181\240\28\27\60\27\27\27\115\144\149\162\150\158\136\150\133\117\178\138\121\100\100\109\103\109\116\101\105\109\116\101\119\92\146\149\108\180\169\160\117\128\130\155\121\137\144\149\162\150\158\136\150\133\117\178\138\92\161\170\160\70\168\171\159\157\168\92\181\139\116\158\128\160\179\180\139\181\116\119\92\160\171\92\168\171\159\157\168\92\135\171\149\161\117\116\139\28\29\168\30\198\27\110\197\62\95\242\227\236\89\8\19\149\80\206\116\212\13\16\149\19\80\95\137\245\179\215\83\80\149\197\62\8\215\242\212\198\236\245\209\203\236\8\170\107\113\119\56\161\80\80\146\125\182\89\8\212\245\8\236\245\209\203\236\8\158\206\122\167\254\131\170\236\254\83\95\59\89\8\170\107\113\119\56\161\80\28\28\226\27\27\27\81\26\164\155\184\21\176\192\156\173\208\169\172\198\208\25\2\189\196\190\232\198\195\191\193\198\2\216\209\158\15\210\14\160\210\17\203\165\177\216\189\163\201\23\2\190\195\2\198\195\191\193\198\2\164\28\28\222\27\27\27\71\206\169\18\202\15\212\163\182\198\208\195\25\6\6\6\14\3\13\15\5\9\13\15\5\3\6\15\9\15\5\5\19\254\212\205\162\11\206\18\156\206\13\207\169\28\28\93\27\27\27\95\46\83\66\40\70\154\39\77\42\145\73\144\83\36\53\69\79\68\125\66\71\65\99\73\72\60\62\73\125\81\144\75\76\45\69\51\33\82\50\146\41\148\125\65\72\125\73\72\60\62\73\125\80\146\51\79\50\149\76\50\41\75\40\37\32\154\84\90\28\29\70\44\12\27\93\49\102\250\237\216\233\150\46\64\202\11\235\203\82\83\45\203\64\28\235\254\233\235\82\216\133\14\253\102\251\148\234\240\114\165\217\183\114\102\182\65\252\184\96\97\216\235\151\250\252\29\218\62\49\102\234\165\102\114\165\217\183\114\102\11\135\28\27\192\27\27\27\103\8\17\243\42\37\12\3\56\241\21\253\59\27\232\232\241\234\241\233\235\232\249\237\249\233\233\29\253\232\232\241\240\244\235\241\247\233\237\241\247\233\236\27\232\232\242\235\241\243\233\237\241\243\233\29\253\232\232\242\241\242\234\241\233\235\232\246\237\246\233\233\61\251\224\48\11\28\29\131\32\232\27\87\49\29\229\154\189\44\200\199\49\134\39\219\180\204\120\235\24\130\149\124\255\210\219\120\44\35\124\169\119\181\199\150\189\194\19\139\69\215\204\44\140\255\74\179\250\49\29\229\154\189\44\200\199\49\134\39\219\74\75\75\28\27\224\27\27\27\63\17\11\17\23\9\13\17\23\9\61\61\29\70\85\78\67\84\73\79\78\8\53\49\34\16\51\20\84\87\78\53\71\19\9\234\0\28\29\56\48\88\27\66\216\74\208\7\40\209\91\145\187\208\104\175\23\74\208\7\40\209\91\145\187\208\104\191\128\128\61\170\61\149\191\128\145\233\145\149\149\217\57\28\29\38\40\224\27\97\97\45\115\245\202\49\28\80\227\75\175\46\119\67\128\150\93\202\10\49\188\119\97\189\59\168\198\198\132\171\150\62\175\58\11\154\180\249\63\132\171\150\62\175\58\11\154\180\249\85\46\46\163\72\163\59\85\46\241\111\241\59\59\168\198\198\132\115\141\167\28\27\88\27\27\27\85\136\171\144\144\166\159\178\149\128\128\137\130\137\129\131\128\144\133\144\129\129\98\189\198\188\98\204\143\202\203\168\192\178\156\205\173\141\164\179\200\163\174\170\210\195\202\173\153\204\174\191\172\208\179\138\181\181\149\28\27\40\27\27\27\67\142\157\150\139\156\145\151\150\80\81\50\72\72\148\151\139\137\148\72\113\149\88\124\106\149\137\113\147\145\137\153\120\111\156\101\155\119\124\107\93\28\29\155\34\210\27\90\66\199\21\168\196\129\179\161\35\224\235\206\252\14\28\35\171\186\225\123\123\143\164\80\66\143\123\108\10\220\115\171\42\122\17\28\235\147\17\14\227\192\231\207\245\199\241\168\178\150\178\171\150\189\28\220\70\105\10\105\168\150\154\28\28\71\27\27\27\115\91\134\138\105\92\112\58\57\98\31\128\92\55\147\137\92\104\128\98\96\104\120\151\134\115\27\93\96\91\27\98\145\133\47\96\100\92\131\57\118\111\120\115\100\31\31\56\51\34\56\55\51\28\56\55\51\32\32\27\127\92\93\106\154\101\134\100\119\123\132\56\54\105\32\65\39\39\96\101\39\93\94\115\39\102\144\118\95\28\27\133\27\27\27\80\245\190\238\223\188\181\205\223\186\253\248\217\165\249\237\234\243\165\228\204\224\248\249\247\238\243\236\179\232\237\230\247\173\173\173\182\181\182\176\189\174\178\189\174\177\173\173\182\182\185\176\182\185\28\28\181\27\27\27\110\206\210\198\201\206\209\205\205\198\198\201\204\198\190\206\210\198\190\206\209\205\205\205\198\198\198\204\198\202\206\210\198\202\206\204\205\190\210\190\206\206\209\205\205\198\198\201\204\198\202\206\210\198\202\206\206\226\205\231\9\251\236\6\18\6\5\18\239\200\8\206\213\26\15\25\171\213\213\24\222\8\13\5\28\29\168\44\12\27\107\113\161\162\79\216\112\162\45\160\75\60\80\97\82\200\200\94\249\27\61\216\43\96\96\214\95\162\181\80\80\113\113\131\233\28\97\165\233\28\97\82\93\246\76\82\92\79\58\75\248\144\162\44\109\77\45\180\179\80\80\216\114\233\97\131\80\250\233\165\250\233\97\97\213\181\110\109\246\59\92\28\29\62\40\224\27\119\147\225\212\70\83\192\222\222\156\139\165\191\174\117\22\22\52\217\208\87\70\70\35\35\96\187\83\109\70\239\135\239\83\83\192\95\212\82\192\73\134\147\186\95\222\34\8\47\95\222\82\225\192\222\222\147\108\222\156\139\165\191\174\117\22\22\52\217\208\87\87\70\70\70\187\109\187\22\83\135\187\22\83\109\70\200\187\135\200\187\83\83\28\29\202\48\88\27\93\106\78\82\19\208\156\106\106\106\106\183\69\98\212\94\254\141\162\69\183\98\203\40\119\241\61\132\136\90\2\207\6\65\216\23\186\162\187\254\119\94\136\149\107\156\106\106\106\106\103\40\106\208\229\78\106\183\69\98\212\94\254\141\162\69\183\28\27\87\27\27\27\83\143\119\203\191\188\197\119\173\152\154\156\135\170\143\143\165\158\177\148\127\127\144\144\130\136\135\128\132\136\135\128\119\188\195\202\188\119\173\152\154\156\135\170\143\143\165\158\177\148\127\127\127\137\130\136\135\28\27\185\27\27\27\119\226\230\234\233\226\228\225\242\230\242\226\226\217\30\39\29\195\217\217\30\37\44\30\34\31\217\15\250\252\254\233\12\241\241\7\0\19\246\246\225\225\235\228\234\235\226\230\234\235\226\217\45\33\30\39\195\217\217\217\217\37\40\28\26\37\217\36\240\26\0\37\51\14\33\242\236\244\217\29\40\217\37\40\28\26\37\217\30\40\41\45\10\28\27\72\27\27\27\86\150\182\138\162\155\194\133\188\127\186\187\152\176\162\140\189\157\125\148\163\184\147\158\154\194\179\186\157\137\188\158\175\156\192\163\193\151\128\170\140\172\191\192\151\193\128\118\183\184\165\104\183\186\104\112\112\112\120\115\28\29\104\46\54\27\104\11\248\115\191\11\248\115\153\96\11\144\191\11\144\115\115\79\200\165\222\200\4\125\222\241\88\32\22\116\23\183\87\12\41\248\79\201\200\89\125\155\173\108\118\183\32\163\49\239\231\165\184\4\107\50\146\78\22\145\118\200\231\146\212\38\200\200\200\200\89\125\155\173\108\118\183\32\28\28\172\27\27\27\72\195\189\212\3\249\196\14\240\16\1\4\249\3\196\211\182\204\204\15\24\253\15\19\18\204\226\235\237\239\188\221\196\196\250\241\230\199\199\212\212\212\189\213\187\193\28\28\173\27\27\27\75\214\218\190\192\214\212\213\190\197\218\190\197\214\214\205\1\21\18\23\179\205\205\205\205\243\197\220\189\2\224\194\192\197\253\228\204\243\197\220\189\2\224\194\192\197\253\212\190\28\29\255\38\190\27\117\254\158\108\64\202\56\59\28\89\133\218\50\174\183\50\100\103\53\235\75\28\39\100\50\103\194\109\95\95\95\95\177\210\15\39\174\75\114\235\1\20\158\177\210\15\39\174\75\114\235\1\20\216\183\183\183\26\216\70\194\238\70\194\216\183\37\48\238\37\48\194\194\109\95\95\95\95\177\202\224\246\15\144\103\103\89\12\221\158\183\28\29\72\46\54\27\98\64\235\102\235\83\121\64\235\216\159\235\216\83\83\6\168\168\199\76\209\199\19\218\168\170\27\65\103\216\113\112\112\18\141\246\207\207\36\168\228\0\199\114\6\168\168\168\168\170\27\65\103\216\113\112\112\18\141\246\207\64\64\235\102\235\83\121\64\235\254\159\28\29\88\50\194\27\90\191\214\7\7\62\56\56\107\12\173\107\199\130\56\18\47\93\139\168\205\96\96\90\185\110\211\211\240\240\73\53\73\7\99\73\7\56\196\176\107\58\62\56\56\56\56\78\127\116\237\104\4\70\104\191\9\67\159\78\107\113\199\211\28\28\205\27\27\27\114\227\222\17\156\221\161\11\221\158\224\26\254\227\242\24\246\180\181\181\158\180\160\182\186\160\182\211\173\173\173\173\246\239\173\227\222\17\156\221\161\11\221\158\224\26\254\227\242\24\246\167\181\181\181\155\180\159\182\186\159\182\180\181\166\186\166\182\182\173\225\245\242\247\173\255\14\12\18\157\252\165\165\23\16\3\170\181\28\29\222\48\88\27\63\38\38\227\101\139\59\143\139\59\101\38\248\13\143\248\13\59\59\126\39\186\77\39\126\236\51\93\135\206\173\118\118\68\177\64\223\28\27\65\27\27\27\116\105\105\120\107\114\106\108\105\115\113\110\115\113\106\106\97\166\175\165\75\97\97\166\173\180\166\75\97\97\97\97\163\179\166\162\172\75\97\97\166\175\165\75\97\97\170\167\97\105\151\154\113\185\174\165\122\133\135\160\102\105\105\122\120\108\118\106\110\118\106\106\126\126\105\105\114\116\107\114\106\108\105\115\116\110\115\116\106\106\28\29\55\48\88\27\113\215\44\61\107\215\69\140\182\224\39\6\207\207\157\10\153\56\56\127\127\60\190\165\148\232\165\148\215\44\61\107\215\57\124\203\102\103\123\161\103\60\250\136\220\57\128\178\212\56\56\127\127\39\169\60\148\190\127\81\81\232\81\81\148\148\215\187\191\128\61\215\69\140\182\224\39\6\207\207\157\10\153\56\127\127\186\28\28\140\27\27\27\65\117\91\97\115\119\91\97\115\108\47\58\48\150\47\58\48\150\56\57\45\43\56\108\62\67\32\28\48\82\78\53\89\101\108\48\57\108\56\28\27\136\27\27\27\111\247\235\233\244\168\201\192\202\191\253\239\1\185\243\236\239\248\197\3\227\243\226\206\192\241\237\245\204\186\255\0\249\252\237\176\176\185\189\179\186\188\181\186\188\177\177\229\197\231\193\184\187\192\249\234\220\188\237\180\227\243\226\206\192\241\237\245\204\186\255\0\249\252\237\176\176\185\190\179\193\191\181\193\191\28\29\226\50\194\27\84\145\145\61\93\55\104\18\202\199\110\159\176\208\173\234\29\47\194\64\225\78\242\222\44\208\127\251\93\185\234\208\211\101\35\193\73\127\222\35\242\194\245\196\222\200\150\219\199\153\150\194\12\101\196\199\78\81\28\29\244\34\210\27\76\253\246\212\187\162\222\169\183\187\78\82\25\46\229\12\225\40\54\54\54\19\58\212\212\232\253\169\155\232\212\190\159\50\99\32\4\176\222\194\225\29\113\225\127\58\212\212\211\190\28\28\87\27\27\27\115\55\117\55\120\109\115\55\47\47\47\47\38\50\40\36\48\44\40\36\48\49\47\47\40\40\49\40\48\50\47\36\44\36\48\48\48\44\47\47\47\38\50\36\48\44\36\48\49\47\47\47\40\40\50\40\41\48\44\40\41\48\50\47\41\42\44\41\42\48\48\48\48\28\28\47\47\39\50\38\48\44\38\48\55\99\111\116\109\28\27\40\27\27\27\104\72\154\141\156\157\154\150\72\150\97\91\107\91\95\126\115\97\80\135\111\84\80\142\157\150\139\156\145\151\150\80\81\148\151\139\137\148\72\147\101\80\80\90\88\83\92\81\85\92\81\99\148\151\139\137\148\72\138\101\163\80\80\89\90\90\83\90\81\85\90\81\165\99\142\151\154\72\28\27\57\27\27\27\84\162\118\97\97\97\106\100\106\111\98\102\106\111\98\100\97\107\107\102\107\107\98\98\101\92\155\89\157\168\89\165\168\156\154\165\89\175\118\155\148\162\150\102\164\116\89\162\159\89\175\117\97\97\105\100\106\107\28\28\44\27\27\27\65\83\87\59\62\83\76\128\148\143\154\76\130\71\130\85\84\84\84\62\63\66\85\59\64\83\87\59\64\83\85\84\59\63\87\59\63\83\83\28\28\184\27\27\27\114\216\19\14\20\193\216\26\225\15\219\187\9\4\10\15\14\21\206\25\16\23\10\208\6\207\216\19\14\20\193\216\10\19\4\3\10\14\216\4\23\26\12\19\206\25\13\14\25\23\4\208\26\207\216\19\14\20\207\208\207\207\208\206\206\206\207\216\19\14\20\178\216\216\10\19\4\3\10\14\216\14\15\12\178\19\14\20\28\28\69\27\27\27\68\59\94\103\37\103\102\97\116\106\37\121\93\106\95\37\134\99\135\100\106\134\151\51\116\119\136\29\92\139\135\45\94\106\98\137\51\120\109\118\121\106\28\29\97\38\190\27\104\25\25\124\168\58\212\212\80\212\212\36\36\36\193\184\27\173\207\193\193\193\193\82\209\135\146\239\27\228\209\52\220\0\124\124\135\157\207\193\193\184\5\82\184\207\193\193\193\193\151\71\184\140\250\207\193\193\184\27\173\207\193\193\228\195\193\165\187\179\16\121\148\209\30\30\209\124\28\29\127\40\224\27\104\165\9\31\108\21\147\31\86\143\9\22\225\21\212\143\4\156\152\152\48\239\9\31\99\199\160\21\31\86\143\9\22\225\21\212\143\4\156\152\252\252\9\35\31\160\21\147\1\160\21\147\1\31\31\160\251\86\160\212\173\31\135\135\135\21\0\182\234\252\60\35\251\21\82\200\21\0\28\28\95\27\27\27\94\50\46\144\80\139\67\69\54\136\138\144\136\148\148\145\136\127\75\71\60\69\105\127\127\127\127\67\70\66\64\67\127\49\88\35\76\81\38\79\48\145\77\87\47\33\148\143\105\127\127\127\127\78\71\72\67\60\127\49\88\35\76\81\38\79\48\145\28\29\72\38\190\27\65\90\112\184\30\220\99\168\148\13\168\206\123\140\79\46\173\24\195\110\90\112\184\30\231\206\123\140\79\46\173\24\195\110\90\112\184\30\33\28\27\165\27\27\27\73\214\197\10\19\9\175\197\197\10\17\24\10\175\197\197\197\197\17\20\8\6\17\197\247\30\241\26\23\244\21\246\215\27\29\245\231\226\205\215\217\208\217\213\206\210\205\28\29\250\40\224\27\71\132\158\41\158\106\15\124\154\154\154\154\79\40\154\36\31\214\235\196\253\170\23\132\248\18\10\84\96\19\106\154\222\66\27\144\154\36\31\214\235\196\253\170\23\28\27\169\27\27\27\62\219\31\33\249\235\230\251\34\245\30\27\248\25\250\219\31\33\249\235\212\218\201\14\23\13\179\201\201\14\23\13\179\14\23\13\29"
local JCPnNvpokxgDwX={string.byte(ZrxLClny_Us3z,1,#ZrxLClny_Us3z)}
for i=1,#JCPnNvpokxgDwX do
  local v=JCPnNvpokxgDwX[i]-27
  if v<0 then v=v+256 end
  JCPnNvpokxgDwX[i]=v
end
local function BfxzB5HoD(s,p)
  local v=s[p]
  return v,p+1
end
local Qze3vJVCLVNX6={}
do
  local p=1
  while p<=#JCPnNvpokxgDwX do
    local op; op,p=BfxzB5HoD(JCPnNvpokxgDwX,p)
    if op==2 then
      Qze3vJVCLVNX6[#Qze3vJVCLVNX6+1]={op=op}
    elseif op==1 then
      local m,k,a,ia,lh,ll
      m,p=BfxzB5HoD(JCPnNvpokxgDwX,p)
      k,p=BfxzB5HoD(JCPnNvpokxgDwX,p)
      a,p=BfxzB5HoD(JCPnNvpokxgDwX,p)
      ia,p=BfxzB5HoD(JCPnNvpokxgDwX,p)
      lh,p=BfxzB5HoD(JCPnNvpokxgDwX,p)
      ll,p=BfxzB5HoD(JCPnNvpokxgDwX,p)
      local len=(lh*256)+ll
      local b={}
      for i=1,len do
        b[i],p=BfxzB5HoD(JCPnNvpokxgDwX,p)
      end
      Qze3vJVCLVNX6[#Qze3vJVCLVNX6+1]={op=op,m=m,k=k,a=a,ia=ia,b=b}
    else
      break
    end
  end
end
local function __vm_bxor(a,b)
  local r=0
  local bit=1
  while a>0 or b>0 do
    local aa=a%2
    local bb=b%2
    if aa~=bb then r=r+bit end
    a=(a-aa)/2
    b=(b-bb)/2
    bit=bit*2
  end
  return r
end
local function srFbww_8MN(e)
  local t={}
  for i=1,#e.b do
    local v
    if e.m==1 then
      v=__vm_bxor(e.b[i],e.k)
    elseif e.m==2 then
      v=((e.b[i]-e.k)*e.ia)%256
      if v<0 then v=v+256 end
    else
      v=e.b[i]-e.k
      if v<0 then v=v+256 end
    end
    t[i]=string.char(v)
  end
  return table.concat(t)
end
local function Mbf3YkftdsxWyk(t)
  local s={}
  for i=1,#t do s[i]=string.char(t[i]) end
  return table.concat(s)
end
local Iq9mmMOux58rw=_G
local tpoBHw3pYGjCY=function(a,b) return a[b] end
local QwqV3iq105274=Iq9mmMOux58rw[Mbf3YkftdsxWyk({103,101,116,102,101,110,118})]
if QwqV3iq105274 then
  Iq9mmMOux58rw=QwqV3iq105274()
elseif _ENV then
  Iq9mmMOux58rw=_ENV
end
local W2kOk0rg={
  Mbf3YkftdsxWyk({108,111,97,100}),
  Mbf3YkftdsxWyk({115,116,114,105,110,103}),
  Mbf3YkftdsxWyk({116,97,98,108,101}),
  Mbf3YkftdsxWyk({99,104,97,114}),
  Mbf3YkftdsxWyk({99,111,110,99,97,116})
}
local bF5ynRGFD=tpoBHw3pYGjCY(Iq9mmMOux58rw,W2kOk0rg[1])
local SRSLes3c=tpoBHw3pYGjCY(Iq9mmMOux58rw,W2kOk0rg[2]) or string
local TTeSgXML=tpoBHw3pYGjCY(Iq9mmMOux58rw,W2kOk0rg[3]) or table
local p3Kfuh0XqF=tpoBHw3pYGjCY(SRSLes3c,W2kOk0rg[4])
local vauXEz6t9FJ=tpoBHw3pYGjCY(TTeSgXML,W2kOk0rg[5])
local DSijRiwVYUU8e={}
local dEbhbwr1cl9=1
local IfCyyM0E5=nil
local H3L0dZSzrhBy=1
local lL3V6COWmyE=0
local XhnpHvg5V={}
local __vm_op_alias={[1]=106,[2]=219}
XhnpHvg5V[__vm_op_alias[1]]=function(ins)
  DSijRiwVYUU8e[#DSijRiwVYUU8e+1]=srFbww_8MN(ins)
  dEbhbwr1cl9=dEbhbwr1cl9+1
  H3L0dZSzrhBy=1
end
XhnpHvg5V[__vm_op_alias[2]]=function()
  local q_XT4lOUCT1Q=vauXEz6t9FJ(DSijRiwVYUU8e)
  local e6d94fXM,NoRUM0YoZ2j=bF5ynRGFD(q_XT4lOUCT1Q,nil,"t",Iq9mmMOux58rw)
  if not e6d94fXM then error(NoRUM0YoZ2j) end
  e6d94fXM()
  H3L0dZSzrhBy=99
end
XhnpHvg5V[0]=function()
  H3L0dZSzrhBy=99
end
while true do
  if H3L0dZSzrhBy==1 then
    IfCyyM0E5=Qze3vJVCLVNX6[dEbhbwr1cl9]
    if not IfCyyM0E5 then H3L0dZSzrhBy=99 else H3L0dZSzrhBy=2 end
  elseif H3L0dZSzrhBy==2 then
    local __h=XhnpHvg5V[__vm_op_alias[IfCyyM0E5.op] or 0] or XhnpHvg5V[0]
    __h(IfCyyM0E5)
  elseif H3L0dZSzrhBy==3 then
    DSijRiwVYUU8e[#DSijRiwVYUU8e+1]=srFbww_8MN(IfCyyM0E5)
    dEbhbwr1cl9=dEbhbwr1cl9+1
    H3L0dZSzrhBy=1
  elseif H3L0dZSzrhBy==4 then
    H3L0dZSzrhBy=1
  elseif H3L0dZSzrhBy==7 then
    lL3V6COWmyE=lL3V6COWmyE+1
    if lL3V6COWmyE>2 then H3L0dZSzrhBy=1 else H3L0dZSzrhBy=7 end
  else
    break
  end
  if (dEbhbwr1cl9%97)==13 and H3L0dZSzrhBy==1 and lL3V6COWmyE==0 then H3L0dZSzrhBy=7 end
end
